DateTime,Ram(MB),VirtualResource(MB),CPU(%),Memory(%),Runtime,ProcessName,VehicleSpeed
2020-05-05 18:55:34.086133,1465.344,2125404,0.0,6.1,0:02.65,hector_mapping,0.0
2020-05-05 18:55:34.243871,1465.344,2125404,0.0,6.1,0:02.65,hector_mapping,0.0
2020-05-05 18:55:34.400804,1465.344,2125404,0.0,6.1,0:02.65,hector_mapping,0.0
2020-05-05 18:55:34.557363,1465.344,2125404,6.7,6.1,0:02.66,hector_mapping,0.0
2020-05-05 18:55:34.714500,1465.344,2125404,0.0,6.1,0:02.67,hector_mapping,0.0
2020-05-05 18:55:34.872608,1465.344,2125404,0.0,6.1,0:02.67,hector_mapping,0.0
2020-05-05 18:55:35.029108,1465.344,2125404,0.0,6.1,0:02.67,hector_mapping,0.0
2020-05-05 18:55:35.185911,1483.776,2189416,86.7,6.2,0:02.80,hector_mapping,0.0
2020-05-05 18:55:35.344782,1465.344,2125404,26.7,6.1,0:02.85,hector_mapping,0.0
2020-05-05 18:55:35.501801,1465.344,2125404,0.0,6.1,0:02.85,hector_mapping,0.0
2020-05-05 18:55:35.658128,1465.344,2125404,13.3,6.1,0:02.87,hector_mapping,0.0
2020-05-05 18:55:35.813597,1465.344,2125404,0.0,6.1,0:02.87,hector_mapping,0.0
2020-05-05 18:55:35.969669,1465.344,2125404,0.0,6.1,0:02.87,hector_mapping,0.0
2020-05-05 18:55:36.125312,1465.344,2125404,0.0,6.1,0:02.87,hector_mapping,0.0
2020-05-05 18:55:36.287538,1465.344,2125404,6.7,6.1,0:02.88,hector_mapping,0.0
2020-05-05 18:55:36.445322,1465.344,2125404,0.0,6.1,0:02.88,hector_mapping,0.0
2020-05-05 18:55:36.604116,1465.344,2125404,6.7,6.1,0:02.89,hector_mapping,0.0
2020-05-05 18:55:36.774480,1465.344,2125404,6.7,6.1,0:02.90,hector_mapping,0.0
2020-05-05 18:55:36.948730,1465.344,2125404,0.0,6.1,0:02.90,hector_mapping,0.0
2020-05-05 18:55:37.125008,1465.344,2125404,6.2,6.1,0:02.92,hector_mapping,0.0
2020-05-05 18:55:37.296316,1465.344,2125404,6.7,6.1,0:02.93,hector_mapping,0.0
2020-05-05 18:55:37.471729,1465.344,2125404,13.3,6.1,0:02.95,hector_mapping,0.0
2020-05-05 18:55:37.647792,1465.344,2125404,0.0,6.1,0:02.95,hector_mapping,0.0
2020-05-05 18:55:37.821009,1465.344,2125404,0.0,6.1,0:02.96,hector_mapping,0.0
2020-05-05 18:55:37.997588,1465.344,2125404,13.3,6.1,0:02.98,hector_mapping,0.0
2020-05-05 18:55:38.170972,1465.344,2125404,6.7,6.1,0:02.99,hector_mapping,0.09206083416938782
2020-05-05 18:55:38.344313,1465.344,2125404,6.2,6.1,0:03.00,hector_mapping,0.09316419996321201
2020-05-05 18:55:38.514567,1465.344,2125404,6.7,6.1,0:03.01,hector_mapping,0.06674950383603573
2020-05-05 18:55:38.684598,1465.344,2125404,6.7,6.1,0:03.02,hector_mapping,0.09581570327281952
2020-05-05 18:55:38.840705,1465.344,2125404,0.0,6.1,0:03.02,hector_mapping,0.10073162242770195
2020-05-05 18:55:38.996908,1465.344,2125404,6.7,6.1,0:03.03,hector_mapping,0.17303811013698578
2020-05-05 18:55:39.153584,1465.344,2125404,0.0,6.1,0:03.03,hector_mapping,0.4244791567325592
2020-05-05 18:55:39.310176,1465.344,2125404,66.7,6.1,0:03.13,hector_mapping,0.9440619349479675
2020-05-05 18:55:39.467414,1465.344,2125404,40.0,6.1,0:03.20,hector_mapping,1.2860819399356842
2020-05-05 18:55:39.627155,1465.344,2125404,0.0,6.1,0:03.20,hector_mapping,1.4864780008792877
2020-05-05 18:55:39.784402,1465.344,2125404,6.7,6.1,0:03.21,hector_mapping,1.6116396188735962
2020-05-05 18:55:39.941571,1465.344,2125404,0.0,6.1,0:03.21,hector_mapping,1.6755672097206116
2020-05-05 18:55:40.103477,1465.344,2125404,6.7,6.1,0:03.22,hector_mapping,1.6783826351165771
2020-05-05 18:55:40.260218,1465.344,2125404,6.7,6.1,0:03.23,hector_mapping,1.4758886396884918
2020-05-05 18:55:40.415574,1465.344,2125404,0.0,6.1,0:03.23,hector_mapping,1.4290578067302704
2020-05-05 18:55:40.571466,1465.344,2125404,0.0,6.1,0:03.23,hector_mapping,1.448973834514618
2020-05-05 18:55:40.729082,1465.344,2125404,6.7,6.1,0:03.24,hector_mapping,1.4588755667209625
2020-05-05 18:55:40.885241,1465.344,2125404,6.7,6.1,0:03.25,hector_mapping,1.438540756702423
2020-05-05 18:55:41.043439,1465.344,2125404,0.0,6.1,0:03.25,hector_mapping,1.4087812006473541
2020-05-05 18:55:41.200997,1465.344,2125404,6.7,6.1,0:03.26,hector_mapping,1.3342112302780151
2020-05-05 18:55:41.358758,1465.344,2125404,0.0,6.1,0:03.26,hector_mapping,1.2934644520282745
2020-05-05 18:55:41.514607,1465.344,2125404,6.7,6.1,0:03.27,hector_mapping,1.252027004957199
2020-05-05 18:55:41.673542,1465.344,2125404,6.2,6.1,0:03.28,hector_mapping,1.210595816373825
2020-05-05 18:55:41.850411,1465.344,2125404,6.7,6.1,0:03.29,hector_mapping,1.1696219444274902
2020-05-05 18:55:42.028547,1465.344,2125404,6.7,6.1,0:03.30,hector_mapping,1.0518272817134857
2020-05-05 18:55:42.203956,1465.344,2125404,6.2,6.1,0:03.31,hector_mapping,1.0146657228469849
2020-05-05 18:55:42.380337,1465.344,2125404,6.7,6.1,0:03.32,hector_mapping,0.978639543056488
2020-05-05 18:55:42.552982,1465.344,2125404,0.0,6.1,0:03.32,hector_mapping,0.9437601864337921
2020-05-05 18:55:42.728667,1465.344,2125404,53.3,6.1,0:03.40,hector_mapping,0.7819527983665466
2020-05-05 18:55:42.904771,1465.344,2125404,93.8,6.1,0:03.57,hector_mapping,0.671392634510994
2020-05-05 18:55:43.079852,1482.752,2189416,106.7,6.2,0:03.75,hector_mapping,0.657100573182106
2020-05-05 18:55:43.254102,1465.344,2125404,81.2,6.1,0:03.89,hector_mapping,0.6100883334875107
2020-05-05 18:55:43.447670,1465.344,2125404,12.5,6.1,0:03.92,hector_mapping,0.6696308255195618
2020-05-05 18:55:43.619171,1465.344,2125404,6.7,6.1,0:03.93,hector_mapping,0.9380445778369904
2020-05-05 18:55:43.777464,1465.344,2125404,0.0,6.1,0:03.93,hector_mapping,1.1119970083236694
2020-05-05 18:55:43.933987,1465.344,2125404,6.7,6.1,0:03.94,hector_mapping,1.2192076742649078
2020-05-05 18:55:44.093401,1465.344,2125404,6.7,6.1,0:03.95,hector_mapping,1.2787350118160248
2020-05-05 18:55:44.251671,1465.344,2125404,0.0,6.1,0:03.95,hector_mapping,1.3048130571842194
2020-05-05 18:55:44.407850,1465.344,2125404,6.7,6.1,0:03.96,hector_mapping,1.307684451341629
2020-05-05 18:55:44.564258,1465.344,2125404,0.0,6.1,0:03.96,hector_mapping,1.1443568766117096
2020-05-05 18:55:44.720443,1465.344,2125404,6.7,6.1,0:03.97,hector_mapping,0.7994256913661957
2020-05-05 18:55:44.877743,1465.344,2125404,0.0,6.1,0:03.97,hector_mapping,0.7923491299152374
2020-05-05 18:55:45.034385,1465.344,2125404,6.7,6.1,0:03.98,hector_mapping,0.8282148241996765
2020-05-05 18:55:45.189691,1465.344,2125404,0.0,6.1,0:03.98,hector_mapping,1.2362948656082153
2020-05-05 18:55:45.345893,1465.344,2125404,0.0,6.1,0:03.98,hector_mapping,1.5009024739265442
2020-05-05 18:55:45.501969,1465.344,2125404,0.0,6.1,0:03.98,hector_mapping,2.04258531332016
2020-05-05 18:55:45.660030,1465.344,2125404,13.3,6.1,0:04.00,hector_mapping,2.16364449262619
2020-05-05 18:55:45.816779,1465.344,2125404,0.0,6.1,0:04.00,hector_mapping,2.2218507528305054
2020-05-05 18:55:45.973576,1465.344,2125404,0.0,6.1,0:04.00,hector_mapping,2.2361336946487427
2020-05-05 18:55:46.133229,1465.344,2125404,100.0,6.1,0:04.15,hector_mapping,2.2203635573387146
2020-05-05 18:55:46.290750,1465.344,2125404,12.5,6.1,0:04.17,hector_mapping,2.1847904920578003
2020-05-05 18:55:46.447531,1465.344,2125404,0.0,6.1,0:04.17,hector_mapping,2.1365725994110107
2020-05-05 18:55:46.606023,1465.344,2125404,0.0,6.1,0:04.17,hector_mapping,2.0806190371513367
2020-05-05 18:55:46.783591,1465.344,2125404,13.3,6.1,0:04.19,hector_mapping,1.957711100578308
2020-05-05 18:55:46.958827,1465.344,2125404,6.7,6.1,0:04.20,hector_mapping,1.6461877226829529
2020-05-05 18:55:47.135039,1465.344,2125404,0.0,6.1,0:04.20,hector_mapping,1.643432378768921
2020-05-05 18:55:47.316009,1465.344,2125404,6.2,6.1,0:04.21,hector_mapping,1.6660646796226501
2020-05-05 18:55:47.494514,1465.344,2125404,12.5,6.1,0:04.23,hector_mapping,1.6371917724609375
2020-05-05 18:55:47.674922,1465.344,2125404,6.7,6.1,0:04.24,hector_mapping,1.6011064052581787
2020-05-05 18:55:47.854015,1465.344,2125404,6.2,6.1,0:04.25,hector_mapping,1.3463276624679565
2020-05-05 18:55:48.026976,1465.344,2125404,6.7,6.1,0:04.26,hector_mapping,1.1386493146419525
2020-05-05 18:55:48.204386,1465.344,2125404,6.2,6.1,0:04.27,hector_mapping,0.8625932335853577
2020-05-05 18:55:48.382031,1465.344,2125404,6.7,6.1,0:04.28,hector_mapping,1.1338585317134857
2020-05-05 18:55:48.552611,1465.344,2125404,6.2,6.1,0:04.29,hector_mapping,1.026279866695404
2020-05-05 18:55:48.720919,1465.344,2125404,0.0,6.1,0:04.29,hector_mapping,1.1652507483959198
2020-05-05 18:55:48.878517,1465.344,2125404,6.7,6.1,0:04.30,hector_mapping,1.2756989300251007
2020-05-05 18:55:49.035872,1465.344,2125404,6.7,6.1,0:04.31,hector_mapping,1.3458439707756042
2020-05-05 18:55:49.193464,1465.344,2125404,0.0,6.1,0:04.31,hector_mapping,1.369859665632248
2020-05-05 18:55:49.350174,1465.344,2125404,0.0,6.1,0:04.31,hector_mapping,1.3653181493282318
2020-05-05 18:55:49.507115,1465.344,2125404,6.7,6.1,0:04.32,hector_mapping,1.3467715680599213
2020-05-05 18:55:49.662825,1465.344,2125404,0.0,6.1,0:04.32,hector_mapping,1.0742582380771637
2020-05-05 18:55:49.820294,1465.344,2125404,6.7,6.1,0:04.33,hector_mapping,1.082715779542923
2020-05-05 18:55:49.977402,1465.344,2125404,6.7,6.1,0:04.34,hector_mapping,1.124775230884552
2020-05-05 18:55:50.135751,1527.808,2189416,100.0,6.4,0:04.49,hector_mapping,1.1384336650371552
2020-05-05 18:55:50.295358,1465.344,2125404,6.7,6.1,0:04.51,hector_mapping,1.131913661956787
2020-05-05 18:55:50.453564,1465.344,2125404,6.7,6.1,0:04.52,hector_mapping,1.0819116532802582
2020-05-05 18:55:50.611531,1465.344,2125404,6.7,6.1,0:04.53,hector_mapping,0.9043430685997009
2020-05-05 18:55:50.769414,1465.344,2125404,0.0,6.1,0:04.53,hector_mapping,0.6688345670700073
2020-05-05 18:55:50.926079,1465.344,2125404,0.0,6.1,0:04.53,hector_mapping,0.7580218613147736
2020-05-05 18:55:51.082269,1465.344,2125404,6.7,6.1,0:04.54,hector_mapping,0.8761448264122009
2020-05-05 18:55:51.242122,1465.344,2125404,6.7,6.1,0:04.55,hector_mapping,1.1888607144355774
2020-05-05 18:55:51.400984,1465.344,2125404,0.0,6.1,0:04.55,hector_mapping,1.3843311667442322
2020-05-05 18:55:51.558304,1465.344,2125404,6.7,6.1,0:04.56,hector_mapping,1.4977623224258423
2020-05-05 18:55:51.717772,1465.344,2125404,0.0,6.1,0:04.56,hector_mapping,1.5535749793052673
2020-05-05 18:55:51.891741,1465.344,2125404,6.7,6.1,0:04.57,hector_mapping,1.3616897463798523
2020-05-05 18:55:52.069224,1465.344,2125404,6.7,6.1,0:04.58,hector_mapping,1.2226383090019226
2020-05-05 18:55:52.241478,1465.344,2125404,6.7,6.1,0:04.59,hector_mapping,1.0510490834712982
2020-05-05 18:55:52.419371,1465.344,2125404,6.7,6.1,0:04.60,hector_mapping,1.288935363292694
2020-05-05 18:55:52.594415,1465.344,2125404,6.2,6.1,0:04.61,hector_mapping,1.435862123966217
2020-05-05 18:55:52.772693,1465.344,2125404,12.5,6.1,0:04.63,hector_mapping,1.3503048419952393
2020-05-05 18:55:52.949066,1465.344,2125404,0.0,6.1,0:04.63,hector_mapping,1.1639941334724426
2020-05-05 18:55:53.128911,1465.344,2125404,6.7,6.1,0:04.64,hector_mapping,0.824415922164917
2020-05-05 18:55:53.303455,1465.344,2125404,6.2,6.1,0:04.65,hector_mapping,1.1517754197120667
2020-05-05 18:55:53.476014,1465.344,2125404,6.7,6.1,0:04.66,hector_mapping,1.0292889475822449
2020-05-05 18:55:53.650076,1465.344,2125404,6.7,6.1,0:04.67,hector_mapping,0.8689076006412506
2020-05-05 18:55:53.808580,1465.344,2125404,6.7,6.1,0:04.68,hector_mapping,0.6581019312143326
2020-05-05 18:55:53.965403,1465.344,2125404,6.7,6.1,0:04.69,hector_mapping,1.0811167359352112
2020-05-05 18:55:54.122319,1487.872,2189416,80.0,6.2,0:04.81,hector_mapping,0.9630385637283325
2020-05-05 18:55:54.279300,1465.344,2125404,26.7,6.1,0:04.85,hector_mapping,0.8459823131561279
2020-05-05 18:55:54.435235,1465.344,2125404,6.7,6.1,0:04.86,hector_mapping,0.9602912664413452
2020-05-05 18:55:54.590586,1465.344,2125404,0.0,6.1,0:04.86,hector_mapping,1.304673671722412
2020-05-05 18:55:54.747780,1465.344,2125404,0.0,6.1,0:04.86,hector_mapping,1.179114818572998
2020-05-05 18:55:54.905940,1465.344,2125404,6.7,6.1,0:04.87,hector_mapping,1.0809130668640137
2020-05-05 18:55:55.063148,1465.344,2125404,6.7,6.1,0:04.88,hector_mapping,1.1148633062839508
2020-05-05 18:55:55.219366,1465.344,2125404,0.0,6.1,0:04.88,hector_mapping,1.3767006397247314
2020-05-05 18:55:55.376184,1465.344,2125404,0.0,6.1,0:04.88,hector_mapping,1.697519838809967
2020-05-05 18:55:55.535195,1465.344,2125404,6.7,6.1,0:04.89,hector_mapping,2.1189390420913696
2020-05-05 18:55:55.692754,1465.344,2125404,0.0,6.1,0:04.89,hector_mapping,2.42677903175354
2020-05-05 18:55:55.848521,1465.344,2125404,6.7,6.1,0:04.90,hector_mapping,2.930381655693054
2020-05-05 18:55:56.005753,1465.344,2125404,6.7,6.1,0:04.91,hector_mapping,3.2351975440979004
2020-05-05 18:55:56.162719,1465.344,2125404,0.0,6.1,0:04.91,hector_mapping,3.3980398178100586
2020-05-05 18:55:56.319168,1465.344,2125404,0.0,6.1,0:04.91,hector_mapping,3.4618470668792725
2020-05-05 18:55:56.476850,1465.344,2125404,6.7,6.1,0:04.92,hector_mapping,3.4578094482421875
2020-05-05 18:55:56.636554,1465.344,2125404,0.0,6.1,0:04.92,hector_mapping,3.3131171464920044
2020-05-05 18:55:56.813804,1465.344,2125404,0.0,6.1,0:04.93,hector_mapping,3.176364541053772
2020-05-05 18:55:57.016531,1465.344,2125404,40.0,6.1,0:05.00,hector_mapping,3.162456750869751
2020-05-05 18:55:57.190977,1465.344,2125404,106.7,6.1,0:05.18,hector_mapping,2.9314250349998474
2020-05-05 18:55:57.367114,1472.512,2189416,106.7,6.2,0:05.36,hector_mapping,2.8136876821517944
2020-05-05 18:55:57.552455,1465.344,2125404,106.7,6.1,0:05.55,hector_mapping,2.798097252845764
2020-05-05 18:55:57.726041,1465.344,2125404,26.7,6.1,0:05.60,hector_mapping,2.762125790119171
2020-05-05 18:55:57.898939,1465.344,2125404,6.7,6.1,0:05.61,hector_mapping,2.702154815196991
2020-05-05 18:55:58.070158,1465.344,2125404,6.7,6.1,0:05.62,hector_mapping,2.4151368141174316
2020-05-05 18:55:58.244426,1465.344,2125404,0.0,6.1,0:05.63,hector_mapping,2.068590223789215
2020-05-05 18:55:58.418902,1465.344,2125404,6.7,6.1,0:05.64,hector_mapping,1.782324492931366
2020-05-05 18:55:58.591460,1465.344,2125404,13.3,6.1,0:05.66,hector_mapping,2.0350531339645386
2020-05-05 18:55:58.759391,1465.344,2125404,0.0,6.1,0:05.66,hector_mapping,2.164534270763397
2020-05-05 18:55:58.916456,1465.344,2125404,6.7,6.1,0:05.67,hector_mapping,2.22141569852829
2020-05-05 18:55:59.075078,1465.344,2125404,0.0,6.1,0:05.67,hector_mapping,2.228969156742096
2020-05-05 18:55:59.231261,1465.344,2125404,0.0,6.1,0:05.67,hector_mapping,2.2036349773406982
2020-05-05 18:55:59.388342,1465.344,2125404,6.7,6.1,0:05.68,hector_mapping,2.1568504571914673
2020-05-05 18:55:59.544616,1465.344,2125404,0.0,6.1,0:05.68,hector_mapping,2.0964149236679077
2020-05-05 18:55:59.699985,1465.344,2125404,6.7,6.1,0:05.69,hector_mapping,1.771889090538025
2020-05-05 18:55:59.857556,1465.344,2125404,0.0,6.1,0:05.69,hector_mapping,1.3657975494861603
2020-05-05 18:56:00.013125,1465.344,2125404,6.7,6.1,0:05.70,hector_mapping,1.2485807240009308
2020-05-05 18:56:00.170715,1465.344,2125404,0.0,6.1,0:05.70,hector_mapping,1.475473165512085
2020-05-05 18:56:00.326021,1465.344,2125404,0.0,6.1,0:05.71,hector_mapping,1.669413149356842
2020-05-05 18:56:00.482439,1465.344,2125404,0.0,6.1,0:05.71,hector_mapping,1.983445644378662
2020-05-05 18:56:00.638217,1465.344,2125404,6.7,6.1,0:05.72,hector_mapping,2.3464651107788086
2020-05-05 18:56:00.796867,1465.344,2125404,40.0,6.1,0:05.78,hector_mapping,2.8021295070648193
2020-05-05 18:56:00.954523,1465.344,2125404,60.0,6.1,0:05.88,hector_mapping,3.0773845911026
2020-05-05 18:56:01.111849,1465.344,2125404,0.0,6.1,0:05.88,hector_mapping,3.222027540206909
2020-05-05 18:56:01.269366,1465.344,2125404,6.7,6.1,0:05.89,hector_mapping,3.263628602027893
2020-05-05 18:56:01.427336,1465.344,2125404,0.0,6.1,0:05.89,hector_mapping,3.0774857997894287
2020-05-05 18:56:01.583488,1465.344,2125404,0.0,6.1,0:05.89,hector_mapping,2.6877188086509705
2020-05-05 18:56:01.741837,1465.344,2125404,6.7,6.1,0:05.90,hector_mapping,2.629224121570587
2020-05-05 18:56:01.915644,1465.344,2125404,13.3,6.1,0:05.92,hector_mapping,2.787636637687683
2020-05-05 18:56:02.089161,1465.344,2125404,0.0,6.1,0:05.92,hector_mapping,3.2763622999191284
2020-05-05 18:56:02.266374,1465.344,2125404,6.7,6.1,0:05.93,hector_mapping,3.851386070251465
2020-05-05 18:56:02.439727,1465.344,2125404,6.7,6.1,0:05.94,hector_mapping,4.555773854255676
2020-05-05 18:56:02.616865,1465.344,2125404,6.2,6.1,0:05.95,hector_mapping,5.351930737495422
2020-05-05 18:56:02.792662,1465.344,2125404,6.7,6.1,0:05.96,hector_mapping,5.883019924163818
2020-05-05 18:56:02.965366,1465.344,2125404,13.3,6.1,0:05.98,hector_mapping,6.1100499629974365
2020-05-05 18:56:03.138858,1465.344,2125404,0.0,6.1,0:05.98,hector_mapping,6.144649028778076
2020-05-05 18:56:03.317339,1465.344,2125404,6.7,6.1,0:05.99,hector_mapping,6.100955486297607
2020-05-05 18:56:03.490466,1465.344,2125404,13.3,6.1,0:06.01,hector_mapping,5.999019742012024
2020-05-05 18:56:03.663489,1465.344,2125404,6.7,6.1,0:06.02,hector_mapping,5.851341962814331
2020-05-05 18:56:03.822283,1465.344,2125404,6.7,6.1,0:06.03,hector_mapping,5.673987865447998
2020-05-05 18:56:03.979191,1465.344,2125404,0.0,6.1,0:06.03,hector_mapping,5.409186959266663
2020-05-05 18:56:04.137311,1465.344,2125404,6.7,6.1,0:06.04,hector_mapping,5.230977773666382
2020-05-05 18:56:04.295467,1465.344,2125404,0.0,6.1,0:06.04,hector_mapping,5.154933929443359
2020-05-05 18:56:04.452650,1465.344,2125404,0.0,6.1,0:06.04,hector_mapping,5.297729015350342
2020-05-05 18:56:04.611445,1465.344,2125404,6.2,6.1,0:06.05,hector_mapping,5.639430999755859
2020-05-05 18:56:04.767881,1465.344,2125404,0.0,6.1,0:06.05,hector_mapping,6.152903079986572
2020-05-05 18:56:04.924179,1465.344,2125404,106.7,6.1,0:06.21,hector_mapping,6.51179838180542
2020-05-05 18:56:05.086755,1465.344,2125404,13.3,6.1,0:06.23,hector_mapping,6.634848117828369
2020-05-05 18:56:05.244106,1465.344,2125404,0.0,6.1,0:06.23,hector_mapping,6.589691877365112
2020-05-05 18:56:05.401880,1465.344,2125404,6.7,6.1,0:06.24,hector_mapping,6.493693113327026
2020-05-05 18:56:05.557635,1465.344,2125404,0.0,6.1,0:06.24,hector_mapping,6.349115610122681
2020-05-05 18:56:05.715896,1465.344,2125404,6.7,6.1,0:06.25,hector_mapping,6.123232126235962
2020-05-05 18:56:05.875739,1465.344,2125404,6.7,6.1,0:06.26,hector_mapping,5.6934767961502075
2020-05-05 18:56:06.032299,1465.344,2125404,6.7,6.1,0:06.27,hector_mapping,5.444353938102722
2020-05-05 18:56:06.190220,1465.344,2125404,0.0,6.1,0:06.27,hector_mapping,5.224316954612732
2020-05-05 18:56:06.347885,1465.344,2125404,0.0,6.1,0:06.27,hector_mapping,4.687598347663879
2020-05-05 18:56:06.506583,1465.344,2125404,6.7,6.1,0:06.28,hector_mapping,4.452164053916931
2020-05-05 18:56:06.666688,1465.344,2125404,6.7,6.1,0:06.29,hector_mapping,4.275530934333801
2020-05-05 18:56:06.841154,1465.344,2125404,0.0,6.1,0:06.29,hector_mapping,4.142468333244324
2020-05-05 18:56:07.018081,1465.344,2125404,0.0,6.1,0:06.30,hector_mapping,4.045806527137756
2020-05-05 18:56:07.190290,1465.344,2125404,6.7,6.1,0:06.31,hector_mapping,4.065313339233398
2020-05-05 18:56:07.363541,1465.344,2125404,12.5,6.1,0:06.33,hector_mapping,4.181694746017456
2020-05-05 18:56:07.537566,1465.344,2125404,0.0,6.1,0:06.33,hector_mapping,4.2597455978393555
2020-05-05 18:56:07.714627,1465.344,2125404,0.0,6.1,0:06.34,hector_mapping,4.253547191619873
2020-05-05 18:56:07.897302,1465.344,2125404,13.3,6.1,0:06.36,hector_mapping,4.191565275192261
2020-05-05 18:56:08.070731,1465.344,2125404,6.7,6.1,0:06.37,hector_mapping,4.093520522117615
2020-05-05 18:56:08.247666,1465.344,2125404,0.0,6.1,0:06.37,hector_mapping,3.972769260406494
2020-05-05 18:56:08.427906,1465.344,2125404,13.3,6.1,0:06.39,hector_mapping,3.7014291286468506
2020-05-05 18:56:08.608982,1465.344,2125404,6.7,6.1,0:06.40,hector_mapping,3.3136961460113525
2020-05-05 18:56:08.779859,1465.344,2125404,0.0,6.1,0:06.40,hector_mapping,3.1488468647003174
2020-05-05 18:56:08.939508,1465.344,2125404,13.3,6.1,0:06.42,hector_mapping,3.2348971366882324
2020-05-05 18:56:09.095729,1465.344,2125404,86.7,6.1,0:06.55,hector_mapping,3.8815083503723145
2020-05-05 18:56:09.254178,1465.344,2125404,13.3,6.1,0:06.57,hector_mapping,4.308826804161072
2020-05-05 18:56:09.412930,1465.344,2125404,6.7,6.1,0:06.58,hector_mapping,4.343524932861328
2020-05-05 18:56:09.570325,1465.344,2125404,0.0,6.1,0:06.58,hector_mapping,4.307859420776367
2020-05-05 18:56:09.728295,1465.344,2125404,0.0,6.1,0:06.58,hector_mapping,4.177122473716736
2020-05-05 18:56:09.886567,1465.344,2125404,6.7,6.1,0:06.59,hector_mapping,3.9697988033294678
2020-05-05 18:56:10.044739,1465.344,2125404,0.0,6.1,0:06.59,hector_mapping,3.8627160787582397
2020-05-05 18:56:10.201632,1465.344,2125404,6.7,6.1,0:06.60,hector_mapping,3.93403959274292
2020-05-05 18:56:10.358605,1465.344,2125404,0.0,6.1,0:06.60,hector_mapping,4.068315267562866
2020-05-05 18:56:10.515950,1465.344,2125404,6.7,6.1,0:06.61,hector_mapping,4.235349655151367
2020-05-05 18:56:10.672644,1465.344,2125404,6.7,6.1,0:06.62,hector_mapping,4.288605093955994
2020-05-05 18:56:10.829048,1465.344,2125404,0.0,6.1,0:06.62,hector_mapping,4.265633225440979
2020-05-05 18:56:10.991044,1465.344,2125404,0.0,6.1,0:06.62,hector_mapping,4.151767730712891
2020-05-05 18:56:11.149272,1465.344,2125404,6.7,6.1,0:06.63,hector_mapping,3.9457597732543945
2020-05-05 18:56:11.306064,1465.344,2125404,0.0,6.1,0:06.63,hector_mapping,3.7934110164642334
2020-05-05 18:56:11.462200,1465.344,2125404,6.7,6.1,0:06.64,hector_mapping,3.90303897857666
2020-05-05 18:56:11.620000,1465.344,2125404,0.0,6.1,0:06.64,hector_mapping,3.927302598953247
2020-05-05 18:56:11.780565,1465.344,2125404,66.7,6.1,0:06.74,hector_mapping,3.7079708576202393
2020-05-05 18:56:11.958249,1465.344,2125404,106.7,6.1,0:06.92,hector_mapping,3.649250864982605
2020-05-05 18:56:12.137591,1510.4,2189416,106.7,6.3,0:07.11,hector_mapping,3.7665367126464844
2020-05-05 18:56:12.315901,1465.344,2125404,46.7,6.1,0:07.20,hector_mapping,4.146730184555054
2020-05-05 18:56:12.492828,1465.344,2125404,6.7,6.1,0:07.22,hector_mapping,4.652946352958679
2020-05-05 18:56:12.670841,1465.344,2125404,6.7,6.1,0:07.23,hector_mapping,5.092493891716003
2020-05-05 18:56:12.844160,1465.344,2125404,6.2,6.1,0:07.24,hector_mapping,5.346873879432678
2020-05-05 18:56:13.021536,1465.344,2125404,6.7,6.1,0:07.25,hector_mapping,5.447128057479858
2020-05-05 18:56:13.194382,1465.344,2125404,6.2,6.1,0:07.26,hector_mapping,5.440595626831055
2020-05-05 18:56:13.372845,1465.344,2125404,6.7,6.1,0:07.27,hector_mapping,5.3628129959106445
2020-05-05 18:56:13.544697,1465.344,2125404,6.7,6.1,0:07.28,hector_mapping,5.200865149497986
2020-05-05 18:56:13.716662,1465.344,2125404,13.3,6.1,0:07.30,hector_mapping,5.060251951217651
2020-05-05 18:56:13.873518,1465.344,2125404,0.0,6.1,0:07.30,hector_mapping,4.956086039543152
2020-05-05 18:56:14.036600,1465.344,2125404,0.0,6.1,0:07.30,hector_mapping,4.975761651992798
2020-05-05 18:56:14.194659,1465.344,2125404,6.7,6.1,0:07.31,hector_mapping,4.912691116333008
2020-05-05 18:56:14.352114,1465.344,2125404,0.0,6.1,0:07.31,hector_mapping,4.803777694702148
2020-05-05 18:56:14.508304,1465.344,2125404,6.7,6.1,0:07.32,hector_mapping,4.665950775146484
2020-05-05 18:56:14.665814,1465.344,2125404,0.0,6.1,0:07.32,hector_mapping,4.510690927505493
2020-05-05 18:56:14.822971,1465.344,2125404,0.0,6.1,0:07.32,hector_mapping,4.3458251953125
2020-05-05 18:56:14.978621,1465.344,2125404,6.7,6.1,0:07.33,hector_mapping,4.04879093170166
2020-05-05 18:56:15.140228,1465.344,2125404,0.0,6.1,0:07.33,hector_mapping,3.7922372817993164
2020-05-05 18:56:15.296092,1465.344,2125404,0.0,6.1,0:07.33,hector_mapping,3.5878554582595825
2020-05-05 18:56:15.451496,1465.344,2125404,13.3,6.1,0:07.35,hector_mapping,3.685606598854065
2020-05-05 18:56:15.610147,1465.344,2125404,0.0,6.1,0:07.35,hector_mapping,3.4557605981826782
2020-05-05 18:56:15.767356,1465.344,2125404,0.0,6.1,0:07.35,hector_mapping,3.369337320327759
2020-05-05 18:56:15.923423,1521.664,2189416,93.3,6.4,0:07.49,hector_mapping,3.4633004665374756
2020-05-05 18:56:16.081016,1465.344,2125404,20.0,6.1,0:07.52,hector_mapping,3.8261150121688843
2020-05-05 18:56:16.246272,1465.344,2125404,0.0,6.1,0:07.52,hector_mapping,4.553228259086609
2020-05-05 18:56:16.403580,1465.344,2125404,0.0,6.1,0:07.53,hector_mapping,5.072735667228699
2020-05-05 18:56:16.559505,1465.344,2125404,0.0,6.1,0:07.53,hector_mapping,5.279649138450623
2020-05-05 18:56:16.719955,1465.344,2125404,6.7,6.1,0:07.55,hector_mapping,5.3481162786483765
2020-05-05 18:56:16.901803,1465.344,2125404,0.0,6.1,0:07.55,hector_mapping,5.321741938591003
2020-05-05 18:56:17.079001,1465.344,2125404,0.0,6.1,0:07.56,hector_mapping,5.213496565818787
2020-05-05 18:56:17.252892,1465.344,2125404,6.7,6.1,0:07.57,hector_mapping,5.106101989746094
2020-05-05 18:56:17.427758,1465.344,2125404,13.3,6.1,0:07.59,hector_mapping,5.017385959625244
2020-05-05 18:56:17.599926,1465.344,2125404,6.7,6.1,0:07.60,hector_mapping,5.042283296585083
2020-05-05 18:56:17.772875,1465.344,2125404,6.2,6.1,0:07.61,hector_mapping,4.976318836212158
2020-05-05 18:56:17.953943,1465.344,2125404,6.2,6.1,0:07.62,hector_mapping,4.913302302360535
2020-05-05 18:56:18.128795,1465.344,2125404,6.7,6.1,0:07.63,hector_mapping,4.816138744354248
2020-05-05 18:56:18.303070,1465.344,2125404,0.0,6.1,0:07.63,hector_mapping,4.625066757202148
2020-05-05 18:56:18.479774,1465.344,2125404,13.3,6.1,0:07.65,hector_mapping,4.505825042724609
2020-05-05 18:56:18.652260,1465.344,2125404,6.2,6.1,0:07.66,hector_mapping,4.399091005325317
2020-05-05 18:56:18.817296,1465.344,2125404,0.0,6.1,0:07.67,hector_mapping,4.267995357513428
2020-05-05 18:56:18.974099,1465.344,2125404,0.0,6.1,0:07.67,hector_mapping,4.004712224006653
2020-05-05 18:56:19.130463,1465.344,2125404,6.2,6.1,0:07.68,hector_mapping,3.8824775218963623
2020-05-05 18:56:19.286693,1465.344,2125404,6.7,6.1,0:07.69,hector_mapping,3.793291926383972
2020-05-05 18:56:19.443037,1465.344,2125404,0.0,6.1,0:07.69,hector_mapping,3.681956648826599
2020-05-05 18:56:19.599489,1465.344,2125404,6.7,6.1,0:07.70,hector_mapping,3.39605176448822
2020-05-05 18:56:19.755622,1465.344,2125404,0.0,6.1,0:07.70,hector_mapping,2.935925602912903
2020-05-05 18:56:19.912159,1465.344,2125404,0.0,6.1,0:07.70,hector_mapping,2.5980361104011536
2020-05-05 18:56:20.068179,1465.344,2189416,100.0,6.1,0:07.85,hector_mapping,2.841126322746277
2020-05-05 18:56:20.225984,1465.344,2125404,13.3,6.1,0:07.87,hector_mapping,2.9438300728797913
2020-05-05 18:56:20.384458,1465.344,2125404,6.7,6.1,0:07.88,hector_mapping,2.9718745350837708
2020-05-05 18:56:20.540882,1465.344,2125404,0.0,6.1,0:07.88,hector_mapping,2.949839472770691
2020-05-05 18:56:20.697470,1465.344,2125404,0.0,6.1,0:07.88,hector_mapping,2.895033359527588
2020-05-05 18:56:20.853719,1465.344,2125404,6.7,6.1,0:07.89,hector_mapping,2.8192439675331116
2020-05-05 18:56:21.013003,1465.344,2125404,0.0,6.1,0:07.89,hector_mapping,2.7304850220680237
2020-05-05 18:56:21.170308,1465.344,2125404,6.7,6.1,0:07.90,hector_mapping,2.6342294812202454
2020-05-05 18:56:21.328540,1465.344,2125404,0.0,6.1,0:07.90,hector_mapping,2.5342188477516174
2020-05-05 18:56:21.485000,1465.344,2125404,6.7,6.1,0:07.91,hector_mapping,2.4330058693885803
2020-05-05 18:56:21.643414,1465.344,2125404,0.0,6.1,0:07.91,hector_mapping,2.324095129966736
2020-05-05 18:56:21.805020,1465.344,2125404,6.7,6.1,0:07.92,hector_mapping,1.9332148432731628
2020-05-05 18:56:21.978864,1465.344,2125404,6.7,6.1,0:07.93,hector_mapping,1.6419003009796143
2020-05-05 18:56:22.155489,1465.344,2125404,6.2,6.1,0:07.94,hector_mapping,1.4292130172252655
2020-05-05 18:56:22.330998,1465.344,2125404,13.3,6.1,0:07.96,hector_mapping,1.4562013149261475
2020-05-05 18:56:22.500433,1465.344,2125404,0.0,6.1,0:07.96,hector_mapping,1.5919362902641296
2020-05-05 18:56:22.673523,1465.344,2125404,12.5,6.1,0:07.98,hector_mapping,1.92057466506958
2020-05-05 18:56:22.851738,1465.344,2125404,6.7,6.1,0:07.99,hector_mapping,2.010048508644104
2020-05-05 18:56:23.030188,1465.344,2125404,6.7,6.1,0:08.00,hector_mapping,1.702474594116211
2020-05-05 18:56:23.220024,1465.344,2125404,6.7,6.1,0:08.01,hector_mapping,1.7646562457084656
2020-05-05 18:56:23.390352,1465.344,2125404,6.7,6.1,0:08.02,hector_mapping,2.0505659580230713
2020-05-05 18:56:23.561235,1465.344,2125404,6.7,6.1,0:08.03,hector_mapping,2.0115492939949036
2020-05-05 18:56:23.735105,1465.344,2125404,6.7,6.1,0:08.04,hector_mapping,1.8885231614112854
2020-05-05 18:56:23.891139,1465.344,2125404,0.0,6.1,0:08.04,hector_mapping,1.798055648803711
2020-05-05 18:56:24.048836,1465.344,2125404,20.0,6.1,0:08.07,hector_mapping,1.9700278043746948
2020-05-05 18:56:24.206221,1465.344,2125404,93.3,6.1,0:08.22,hector_mapping,2.2387136220932007
2020-05-05 18:56:24.364224,1465.344,2125404,0.0,6.1,0:08.22,hector_mapping,2.748573660850525
2020-05-05 18:56:24.520256,1465.344,2125404,0.0,6.1,0:08.22,hector_mapping,3.2057082653045654
2020-05-05 18:56:24.678539,1465.344,2125404,6.7,6.1,0:08.23,hector_mapping,3.648088574409485
2020-05-05 18:56:24.836876,1465.344,2125404,6.7,6.1,0:08.24,hector_mapping,3.9002974033355713
2020-05-05 18:56:24.992769,1465.344,2125404,0.0,6.1,0:08.24,hector_mapping,4.018213391304016
2020-05-05 18:56:25.148386,1465.344,2125404,0.0,6.1,0:08.25,hector_mapping,4.043166160583496
2020-05-05 18:56:25.305317,1465.344,2125404,0.0,6.1,0:08.25,hector_mapping,3.99080228805542
2020-05-05 18:56:25.462392,1465.344,2125404,0.0,6.1,0:08.25,hector_mapping,3.8211454153060913
2020-05-05 18:56:25.620865,1465.344,2125404,6.2,6.1,0:08.26,hector_mapping,3.578692674636841
2020-05-05 18:56:25.777368,1465.344,2125404,6.7,6.1,0:08.27,hector_mapping,3.418584108352661
2020-05-05 18:56:25.934002,1465.344,2125404,0.0,6.1,0:08.27,hector_mapping,3.5496983528137207
2020-05-05 18:56:26.091347,1465.344,2125404,0.0,6.1,0:08.27,hector_mapping,3.582300066947937
2020-05-05 18:56:26.247900,1465.344,2125404,0.0,6.1,0:08.27,hector_mapping,3.5547266006469727
2020-05-05 18:56:26.405693,1465.344,2125404,6.7,6.1,0:08.28,hector_mapping,3.375611186027527
2020-05-05 18:56:26.562584,1465.344,2125404,6.7,6.1,0:08.29,hector_mapping,2.939633846282959
2020-05-05 18:56:26.722929,1465.344,2125404,0.0,6.1,0:08.29,hector_mapping,2.719736874103546
2020-05-05 18:56:26.918339,1465.344,2125404,106.7,6.1,0:08.46,hector_mapping,2.85287082195282
2020-05-05 18:56:27.100756,1465.344,2125404,106.7,6.1,0:08.65,hector_mapping,3.537613034248352
2020-05-05 18:56:27.284615,1465.344,2125404,100.0,6.1,0:08.84,hector_mapping,4.223902702331543
2020-05-05 18:56:27.458086,1465.344,2125404,26.7,6.1,0:08.89,hector_mapping,4.929787874221802
2020-05-05 18:56:27.637307,1465.344,2125404,0.0,6.1,0:08.90,hector_mapping,5.66448712348938
2020-05-05 18:56:27.809753,1465.344,2125404,6.7,6.1,0:08.91,hector_mapping,6.382438659667969
2020-05-05 18:56:27.985915,1465.344,2125404,6.2,6.1,0:08.93,hector_mapping,7.072739124298096
2020-05-05 18:56:28.169851,1465.344,2125404,6.7,6.1,0:08.94,hector_mapping,7.712458848953247
2020-05-05 18:56:28.346549,1465.344,2125404,0.0,6.1,0:08.94,hector_mapping,8.163742303848267
2020-05-05 18:56:28.518763,1465.344,2125404,6.7,6.1,0:08.95,hector_mapping,8.352369546890259
2020-05-05 18:56:28.691199,1465.344,2125404,0.0,6.1,0:08.96,hector_mapping,8.36674976348877
2020-05-05 18:56:28.850792,1465.344,2125404,6.2,6.1,0:08.97,hector_mapping,8.26360273361206
2020-05-05 18:56:29.007216,1465.344,2125404,0.0,6.1,0:08.97,hector_mapping,8.084012746810913
2020-05-05 18:56:29.164098,1465.344,2125404,13.3,6.1,0:08.99,hector_mapping,7.855716705322266
2020-05-05 18:56:29.320523,1465.344,2125404,0.0,6.1,0:08.99,hector_mapping,7.5976080894470215
2020-05-05 18:56:29.476344,1465.344,2125404,0.0,6.1,0:08.99,hector_mapping,7.322676658630371
2020-05-05 18:56:29.635688,1465.344,2125404,6.7,6.1,0:09.00,hector_mapping,7.039883852005005
2020-05-05 18:56:29.792749,1465.344,2125404,0.0,6.1,0:09.00,hector_mapping,6.755406618118286
2020-05-05 18:56:29.949128,1465.344,2125404,6.7,6.1,0:09.01,hector_mapping,6.473482131958008
2020-05-05 18:56:30.108409,1465.344,2125404,0.0,6.1,0:09.01,hector_mapping,6.196971416473389
2020-05-05 18:56:30.265103,1465.344,2125404,6.7,6.1,0:09.02,hector_mapping,5.927767753601074
2020-05-05 18:56:30.422740,1465.344,2125404,0.0,6.1,0:09.02,hector_mapping,5.667070627212524
2020-05-05 18:56:30.579685,1465.344,2125404,6.7,6.1,0:09.03,hector_mapping,5.173688292503357
2020-05-05 18:56:30.736162,1465.344,2125404,6.7,6.1,0:09.04,hector_mapping,4.941493034362793
2020-05-05 18:56:30.893976,1465.344,2125404,40.0,6.1,0:09.10,hector_mapping,4.7189555168151855
2020-05-05 18:56:31.051254,1465.344,2125404,66.7,6.1,0:09.20,hector_mapping,4.505916595458984
2020-05-05 18:56:31.208934,1465.344,2125404,6.7,6.1,0:09.21,hector_mapping,4.30213987827301
2020-05-05 18:56:31.366375,1465.344,2125404,0.0,6.1,0:09.21,hector_mapping,4.107340335845947
2020-05-05 18:56:31.522452,1465.344,2125404,6.7,6.1,0:09.22,hector_mapping,3.907623767852783
2020-05-05 18:56:31.684116,1465.344,2125404,6.7,6.1,0:09.23,hector_mapping,3.7278259992599487
2020-05-05 18:56:31.862216,1465.344,2125404,6.7,6.1,0:09.24,hector_mapping,3.3377848863601685
2020-05-05 18:56:32.043702,1465.344,2125404,6.2,6.1,0:09.25,hector_mapping,2.8465173840522766
2020-05-05 18:56:32.217919,1465.344,2125404,6.7,6.1,0:09.26,hector_mapping,2.7347320318222046
2020-05-05 18:56:32.406751,1465.344,2125404,0.0,6.1,0:09.27,hector_mapping,2.9010897874832153
2020-05-05 18:56:32.586290,1465.344,2125404,0.0,6.1,0:09.28,hector_mapping,3.3983466625213623
2020-05-05 18:56:32.761825,1465.344,2125404,6.7,6.1,0:09.30,hector_mapping,3.988685131072998
2020-05-05 18:56:32.942775,1465.344,2125404,6.7,6.1,0:09.31,hector_mapping,4.424183249473572
2020-05-05 18:56:33.116649,1465.344,2125404,13.3,6.1,0:09.33,hector_mapping,4.6812461614608765
2020-05-05 18:56:33.290261,1465.344,2125404,6.7,6.1,0:09.34,hector_mapping,4.731293678283691
2020-05-05 18:56:33.460804,1465.344,2125404,0.0,6.1,0:09.34,hector_mapping,4.863247275352478
2020-05-05 18:56:33.632761,1465.344,2125404,6.7,6.1,0:09.35,hector_mapping,5.7445292472839355
2020-05-05 18:56:33.807522,1465.344,2125404,0.0,6.1,0:09.36,hector_mapping,6.388035535812378
2020-05-05 18:56:33.966257,1465.344,2125404,6.7,6.1,0:09.37,hector_mapping,6.990558385848999
2020-05-05 18:56:34.121797,1465.344,2125404,6.7,6.1,0:09.38,hector_mapping,7.401118755340576
2020-05-05 18:56:34.280148,1465.344,2125404,0.0,6.1,0:09.38,hector_mapping,7.55757737159729
2020-05-05 18:56:34.437478,1465.344,2125404,6.7,6.1,0:09.39,hector_mapping,7.560645818710327
2020-05-05 18:56:34.592974,1465.344,2125404,0.0,6.1,0:09.39,hector_mapping,7.460766792297363
2020-05-05 18:56:34.749932,1465.344,2125404,0.0,6.1,0:09.39,hector_mapping,7.294004917144775
2020-05-05 18:56:34.906774,1465.344,2125404,13.3,6.1,0:09.41,hector_mapping,7.084730386734009
2020-05-05 18:56:35.065029,1465.344,2125404,106.7,6.1,0:09.57,hector_mapping,6.8495800495147705
2020-05-05 18:56:35.224124,1465.344,2125404,13.3,6.1,0:09.59,hector_mapping,6.599990129470825
2020-05-05 18:56:35.381182,1465.344,2125404,0.0,6.1,0:09.59,hector_mapping,6.343847751617432
2020-05-05 18:56:35.537050,1465.344,2125404,0.0,6.1,0:09.59,hector_mapping,6.086587429046631
2020-05-05 18:56:35.693916,1465.344,2125404,6.7,6.1,0:09.60,hector_mapping,5.831920266151428
2020-05-05 18:56:35.853514,1465.344,2125404,6.7,6.1,0:09.61,hector_mapping,5.582347869873047
2020-05-05 18:56:36.011378,1465.344,2125404,6.2,6.1,0:09.62,hector_mapping,5.339516043663025
2020-05-05 18:56:36.167510,1465.344,2125404,0.0,6.1,0:09.62,hector_mapping,5.1044604778289795
2020-05-05 18:56:36.325217,1465.344,2125404,0.0,6.1,0:09.62,hector_mapping,4.877789855003357
2020-05-05 18:56:36.482247,1465.344,2125404,6.7,6.1,0:09.63,hector_mapping,4.659808158874512
2020-05-05 18:56:36.639686,1465.344,2125404,6.7,6.1,0:09.64,hector_mapping,4.4506072998046875
2020-05-05 18:56:36.798914,1465.344,2125404,0.0,6.1,0:09.64,hector_mapping,4.250133275985718
2020-05-05 18:56:36.972299,1465.344,2125404,0.0,6.1,0:09.65,hector_mapping,4.058233380317688
2020-05-05 18:56:37.145003,1465.344,2125404,6.2,6.1,0:09.66,hector_mapping,3.8746883869171143
2020-05-05 18:56:37.321816,1465.344,2125404,13.3,6.1,0:09.68,hector_mapping,3.6992361545562744
2020-05-05 18:56:37.496208,1465.344,2125404,6.7,6.1,0:09.69,hector_mapping,3.531591296195984
2020-05-05 18:56:37.674055,1465.344,2125404,6.2,6.1,0:09.70,hector_mapping,3.3714548349380493
2020-05-05 18:56:37.848290,1465.344,2125404,6.7,6.1,0:09.71,hector_mapping,3.218523144721985
2020-05-05 18:56:38.023773,1465.344,2125404,6.2,6.1,0:09.72,hector_mapping,3.072494387626648
2020-05-05 18:56:38.200817,1465.344,2125404,0.0,6.1,0:09.73,hector_mapping,2.9330713748931885
2020-05-05 18:56:38.372489,1465.344,2125404,6.2,6.1,0:09.74,hector_mapping,2.7999646067619324
2020-05-05 18:56:38.545784,1465.344,2125404,0.0,6.1,0:09.75,hector_mapping,2.6728938817977905
2020-05-05 18:56:38.716582,1465.344,2125404,6.7,6.1,0:09.76,hector_mapping,2.5515888333320618
2020-05-05 18:56:38.878161,1465.344,2125404,0.0,6.1,0:09.76,hector_mapping,2.43578964471817
2020-05-05 18:56:39.035759,1465.344,2125404,53.3,6.1,0:09.84,hector_mapping,2.3252483010292053
2020-05-05 18:56:39.192768,1465.344,2125404,53.3,6.1,0:09.93,hector_mapping,2.2197253704071045
2020-05-05 18:56:39.353426,1465.344,2125404,0.0,6.1,0:09.93,hector_mapping,2.1189939379692078
2020-05-05 18:56:39.511873,1465.344,2125404,6.7,6.1,0:09.94,hector_mapping,2.0228360295295715
2020-05-05 18:56:39.668915,1465.344,2125404,0.0,6.1,0:09.94,hector_mapping,1.9310433268547058
2020-05-05 18:56:39.827766,1465.344,2125404,6.7,6.1,0:09.95,hector_mapping,1.8434178829193115
2020-05-05 18:56:39.984655,1465.344,2125404,6.7,6.1,0:09.96,hector_mapping,1.7597705125808716
2020-05-05 18:56:40.140251,1465.344,2125404,0.0,6.1,0:09.96,hector_mapping,1.6799195408821106
2020-05-05 18:56:40.296140,1465.344,2125404,0.0,6.1,0:09.96,hector_mapping,1.6036927700042725
2020-05-05 18:56:40.453035,1465.344,2125404,6.7,6.1,0:09.97,hector_mapping,1.5309258699417114
2020-05-05 18:56:40.611733,1465.344,2125404,0.0,6.1,0:09.97,hector_mapping,1.4614611268043518
2020-05-05 18:56:40.768205,1465.344,2125404,6.7,6.1,0:09.98,hector_mapping,1.3951486945152283
2020-05-05 18:56:40.926525,1465.344,2125404,0.0,6.1,0:09.98,hector_mapping,1.3318457007408142
2020-05-05 18:56:41.084560,1465.344,2125404,0.0,6.1,0:09.98,hector_mapping,1.271415263414383
2020-05-05 18:56:41.241247,1465.344,2125404,13.3,6.1,0:10.00,hector_mapping,1.2137268483638763
2020-05-05 18:56:41.396919,1465.344,2125404,0.0,6.1,0:10.00,hector_mapping,1.1586561799049377
2020-05-05 18:56:41.553728,1465.344,2125404,0.0,6.1,0:10.00,hector_mapping,1.106084167957306
2020-05-05 18:56:41.720547,1465.344,2125404,66.7,6.1,0:10.10,hector_mapping,1.0558977127075195
2020-05-05 18:56:41.896944,1510.4,2189416,106.7,6.3,0:10.28,hector_mapping,1.0079887211322784
2020-05-05 18:56:42.070754,1465.344,2125404,53.3,6.1,0:10.38,hector_mapping,0.9622531235218048
2020-05-05 18:56:42.248597,1465.344,2125404,6.7,6.1,0:10.39,hector_mapping,0.9185927510261536
2020-05-05 18:56:42.423521,1465.344,2125404,6.2,6.1,0:10.40,hector_mapping,0.8769132792949677
2020-05-05 18:56:42.605726,1465.344,2125404,6.2,6.1,0:10.41,hector_mapping,0.8371250331401825
2020-05-05 18:56:42.777964,1465.344,2125404,13.3,6.1,0:10.43,hector_mapping,0.7991420924663544
2020-05-05 18:56:42.957257,1465.344,2125404,0.0,6.1,0:10.43,hector_mapping,0.7628825604915619
2020-05-05 18:56:43.131916,1465.344,2125404,13.3,6.1,0:10.45,hector_mapping,0.7282683849334717
2020-05-05 18:56:43.304407,1465.344,2125404,6.2,6.1,0:10.46,hector_mapping,0.6952245533466339
2020-05-05 18:56:43.480679,1465.344,2125404,6.7,6.1,0:10.47,hector_mapping,0.6636800318956375
2020-05-05 18:56:43.661976,1465.344,2125404,6.7,6.1,0:10.48,hector_mapping,0.633566826581955
2020-05-05 18:56:43.833924,1465.344,2125404,0.0,6.1,0:10.48,hector_mapping,0.6048199385404587
2020-05-05 18:56:43.991481,1465.344,2125404,6.2,6.1,0:10.49,hector_mapping,0.5773773640394211
2020-05-05 18:56:44.148333,1465.344,2125404,0.0,6.1,0:10.49,hector_mapping,0.551179826259613
2020-05-05 18:56:44.305528,1465.344,2125404,6.7,6.1,0:10.50,hector_mapping,0.5261712223291397
2020-05-05 18:56:44.462527,1465.344,2125404,0.0,6.1,0:10.50,hector_mapping,0.281832218170166
2020-05-05 18:56:44.618443,1465.344,2125404,6.7,6.1,0:10.51,hector_mapping,0.24813853204250336
2020-05-05 18:56:44.776075,1465.344,2125404,6.7,6.1,0:10.52,hector_mapping,0.19158019870519638
2020-05-05 18:56:44.932753,1465.344,2125404,0.0,6.1,0:10.52,hector_mapping,0.19752681255340576
2020-05-05 18:56:45.090392,1465.344,2125404,6.7,6.1,0:10.53,hector_mapping,0.18579111993312836
2020-05-05 18:56:45.247293,1465.344,2125404,0.0,6.1,0:10.53,hector_mapping,0.5263057798147202
2020-05-05 18:56:45.404657,1465.344,2125404,6.7,6.1,0:10.54,hector_mapping,1.7046051621437073
2020-05-05 18:56:45.562847,1465.344,2125404,0.0,6.1,0:10.54,hector_mapping,2.28456312417984
2020-05-05 18:56:45.719168,1465.344,2125404,0.0,6.1,0:10.54,hector_mapping,3.2472091913223267
2020-05-05 18:56:45.875520,1508.352,2189416,93.3,6.3,0:10.68,hector_mapping,4.3329445123672485
2020-05-05 18:56:46.032977,1465.344,2125404,20.0,6.1,0:10.72,hector_mapping,5.2668750286102295
2020-05-05 18:56:46.191570,1465.344,2125404,6.7,6.1,0:10.73,hector_mapping,6.104103326797485
2020-05-05 18:56:46.347638,1465.344,2125404,6.7,6.1,0:10.74,hector_mapping,6.846065282821655
2020-05-05 18:56:46.506075,1465.344,2125404,0.0,6.1,0:10.74,hector_mapping,7.36231541633606
2020-05-05 18:56:46.663979,1465.344,2125404,6.7,6.1,0:10.75,hector_mapping,7.592018365859985
2020-05-05 18:56:46.822693,1465.344,2125404,0.0,6.1,0:10.75,hector_mapping,7.645178318023682
2020-05-05 18:56:47.003144,1465.344,2125404,13.3,6.1,0:10.77,hector_mapping,7.57762885093689
2020-05-05 18:56:47.173682,1465.344,2125404,0.0,6.1,0:10.77,hector_mapping,7.4308412075042725
2020-05-05 18:56:47.343980,1465.344,2125404,12.5,6.1,0:10.79,hector_mapping,7.233112335205078
2020-05-05 18:56:47.514589,1465.344,2125404,0.0,6.1,0:10.79,hector_mapping,7.003718376159668
2020-05-05 18:56:47.693618,1465.344,2125404,6.7,6.1,0:10.80,hector_mapping,6.7559123039245605
2020-05-05 18:56:47.886921,1465.344,2125404,0.0,6.1,0:10.81,hector_mapping,6.49884295463562
2020-05-05 18:56:48.059539,1465.344,2125404,6.7,6.1,0:10.83,hector_mapping,6.23883318901062
2020-05-05 18:56:48.237699,1465.344,2125404,6.7,6.1,0:10.84,hector_mapping,5.98021924495697
2020-05-05 18:56:48.411413,1465.344,2125404,6.7,6.1,0:10.85,hector_mapping,5.725947976112366
2020-05-05 18:56:48.588125,1465.344,2125404,6.7,6.1,0:10.86,hector_mapping,5.477972745895386
2020-05-05 18:56:48.756119,1465.344,2125404,6.7,6.1,0:10.87,hector_mapping,5.237553834915161
2020-05-05 18:56:48.914859,1465.344,2125404,0.0,6.1,0:10.87,hector_mapping,5.005444049835205
2020-05-05 18:56:49.071107,1465.344,2125404,6.7,6.1,0:10.88,hector_mapping,4.782052159309387
2020-05-05 18:56:49.228152,1465.344,2125404,6.7,6.1,0:10.89,hector_mapping,4.445557951927185
2020-05-05 18:56:49.383715,1465.344,2125404,0.0,6.1,0:10.89,hector_mapping,4.193456768989563
2020-05-05 18:56:49.540749,1465.344,2125404,0.0,6.1,0:10.89,hector_mapping,3.9986883401870728
2020-05-05 18:56:49.698514,1465.344,2125404,6.7,6.1,0:10.90,hector_mapping,4.0520113706588745
2020-05-05 18:56:49.854161,1465.344,2125404,6.7,6.1,0:10.91,hector_mapping,4.020508289337158
2020-05-05 18:56:50.009742,1465.344,2125404,40.0,6.1,0:10.97,hector_mapping,3.8401561975479126
2020-05-05 18:56:50.166763,1465.344,2125404,66.7,6.1,0:11.08,hector_mapping,3.7184640169143677
2020-05-05 18:56:50.323676,1465.344,2125404,6.7,6.1,0:11.09,hector_mapping,3.586824417114258
2020-05-05 18:56:50.479571,1465.344,2125404,0.0,6.1,0:11.09,hector_mapping,3.4502803087234497
2020-05-05 18:56:50.637510,1465.344,2125404,6.7,6.1,0:11.10,hector_mapping,3.089327573776245
2020-05-05 18:56:50.794269,1465.344,2125404,6.7,6.1,0:11.11,hector_mapping,2.606220245361328
2020-05-05 18:56:50.952072,1465.344,2125404,0.0,6.1,0:11.11,hector_mapping,2.350545644760132
2020-05-05 18:56:51.109532,1465.344,2125404,0.0,6.1,0:11.11,hector_mapping,2.492433786392212
2020-05-05 18:56:51.268629,1465.344,2125404,6.7,6.1,0:11.12,hector_mapping,2.879423975944519
2020-05-05 18:56:51.425890,1465.344,2125404,0.0,6.1,0:11.12,hector_mapping,3.1976473331451416
2020-05-05 18:56:51.583654,1465.344,2125404,6.7,6.1,0:11.13,hector_mapping,3.535372495651245
2020-05-05 18:56:51.743397,1465.344,2125404,0.0,6.1,0:11.13,hector_mapping,3.7162853479385376
2020-05-05 18:56:51.918095,1465.344,2125404,6.7,6.1,0:11.14,hector_mapping,3.787779450416565
2020-05-05 18:56:52.098298,1465.344,2125404,6.7,6.1,0:11.15,hector_mapping,3.784380555152893
2020-05-05 18:56:52.271136,1465.344,2125404,0.0,6.1,0:11.16,hector_mapping,3.7310221195220947
2020-05-05 18:56:52.440202,1465.344,2125404,6.7,6.1,0:11.17,hector_mapping,3.6451292037963867
2020-05-05 18:56:52.613646,1465.344,2125404,6.2,6.1,0:11.18,hector_mapping,3.5386000871658325
2020-05-05 18:56:52.786801,1465.344,2125404,6.7,6.1,0:11.19,hector_mapping,3.419607996940613
2020-05-05 18:56:52.962598,1465.344,2125404,6.2,6.1,0:11.20,hector_mapping,3.2937827110290527
2020-05-05 18:56:53.143087,1465.344,2125404,12.5,6.1,0:11.22,hector_mapping,3.1650002002716064
2020-05-05 18:56:53.315675,1465.344,2125404,0.0,6.1,0:11.22,hector_mapping,3.035916566848755
2020-05-05 18:56:53.494599,1465.344,2125404,6.2,6.1,0:11.24,hector_mapping,2.697933554649353
2020-05-05 18:56:53.669264,1465.344,2125404,6.7,6.1,0:11.25,hector_mapping,2.2775242924690247
2020-05-05 18:56:53.844051,1465.344,2125404,6.7,6.1,0:11.26,hector_mapping,2.020327091217041
2020-05-05 18:56:53.999920,1465.344,2125404,0.0,6.1,0:11.26,hector_mapping,2.228124439716339
2020-05-05 18:56:54.156523,1465.344,2125404,6.7,6.1,0:11.27,hector_mapping,2.342604875564575
2020-05-05 18:56:54.314050,1465.344,2125404,0.0,6.1,0:11.27,hector_mapping,2.386769950389862
2020-05-05 18:56:54.471538,1465.344,2125404,6.2,6.1,0:11.28,hector_mapping,2.3834733366966248
2020-05-05 18:56:54.628394,1477.632,2189416,66.7,6.2,0:11.38,hector_mapping,2.348790943622589
2020-05-05 18:56:54.785376,1465.344,2125404,40.0,6.1,0:11.46,hector_mapping,2.2937949299812317
2020-05-05 18:56:54.945237,1465.344,2125404,0.0,6.1,0:11.46,hector_mapping,2.226018011569977
2020-05-05 18:56:55.101318,1465.344,2125404,6.7,6.1,0:11.47,hector_mapping,2.150603234767914
2020-05-05 18:56:55.259499,1465.344,2125404,0.0,6.1,0:11.47,hector_mapping,2.0710710883140564
2020-05-05 18:56:55.417383,1465.344,2125404,0.0,6.1,0:11.47,hector_mapping,1.9898276925086975
2020-05-05 18:56:55.574832,1465.344,2125404,0.0,6.1,0:11.47,hector_mapping,1.9085100889205933
2020-05-05 18:56:55.731691,1465.344,2125404,6.7,6.1,0:11.48,hector_mapping,1.6200976967811584
2020-05-05 18:56:55.888498,1465.344,2125404,0.0,6.1,0:11.48,hector_mapping,1.3260062634944916
2020-05-05 18:56:56.045673,1465.344,2125404,6.7,6.1,0:11.49,hector_mapping,1.116819441318512
2020-05-05 18:56:56.202629,1465.344,2125404,6.7,6.1,0:11.50,hector_mapping,0.9945310056209564
2020-05-05 18:56:56.359768,1465.344,2125404,0.0,6.1,0:11.50,hector_mapping,1.242902934551239
2020-05-05 18:56:56.517474,1465.344,2125404,0.0,6.1,0:11.50,hector_mapping,1.583797574043274
2020-05-05 18:56:56.675006,1465.344,2125404,0.0,6.1,0:11.50,hector_mapping,1.7912743091583252
2020-05-05 18:56:56.839158,1465.344,2125404,0.0,6.1,0:11.51,hector_mapping,1.9064980745315552
2020-05-05 18:56:57.014808,1465.344,2125404,6.2,6.1,0:11.53,hector_mapping,1.9579837918281555
2020-05-05 18:56:57.189820,1465.344,2125404,6.7,6.1,0:11.54,hector_mapping,1.777037501335144
2020-05-05 18:56:57.367415,1465.344,2125404,0.0,6.1,0:11.54,hector_mapping,1.4777293503284454
2020-05-05 18:56:57.540786,1465.344,2125404,13.3,6.1,0:11.56,hector_mapping,1.2607396245002747
2020-05-05 18:56:57.715268,1465.344,2125404,0.0,6.1,0:11.56,hector_mapping,1.5487918853759766
2020-05-05 18:56:57.891603,1465.344,2125404,13.3,6.1,0:11.58,hector_mapping,1.6693328619003296
2020-05-05 18:56:58.073685,1465.344,2125404,6.2,6.1,0:11.59,hector_mapping,2.0381258726119995
2020-05-05 18:56:58.248293,1465.344,2125404,6.7,6.1,0:11.60,hector_mapping,2.468138337135315
2020-05-05 18:56:58.424311,1465.344,2125404,6.2,6.1,0:11.61,hector_mapping,2.931746542453766
2020-05-05 18:56:58.606198,1465.344,2125404,6.7,6.1,0:11.62,hector_mapping,3.208087205886841
2020-05-05 18:56:58.785724,1465.344,2125404,13.3,6.1,0:11.64,hector_mapping,3.3517459630966187
2020-05-05 18:56:58.942856,1465.344,2125404,0.0,6.1,0:11.64,hector_mapping,3.3916053771972656
2020-05-05 18:56:59.099730,1465.344,2125404,0.0,6.1,0:11.64,hector_mapping,3.338136076927185
2020-05-05 18:56:59.255535,1465.344,2125404,0.0,6.1,0:11.64,hector_mapping,3.065037488937378
2020-05-05 18:56:59.414640,1465.344,2125404,6.7,6.1,0:11.65,hector_mapping,2.665953576564789
2020-05-05 18:56:59.572903,1465.344,2125404,0.0,6.1,0:11.65,hector_mapping,2.610080122947693
2020-05-05 18:56:59.731469,1465.344,2125404,12.5,6.1,0:11.67,hector_mapping,2.842557370662689
2020-05-05 18:56:59.889024,1465.344,2125404,60.0,6.1,0:11.76,hector_mapping,3.2007200717926025
2020-05-05 18:57:00.050367,1465.344,2125404,33.3,6.1,0:11.83,hector_mapping,3.520572781562805
2020-05-05 18:57:00.207549,1465.344,2125404,0.0,6.1,0:11.83,hector_mapping,3.8018041849136353
2020-05-05 18:57:00.364734,1465.344,2125404,6.7,6.1,0:11.84,hector_mapping,3.9407891035079956
2020-05-05 18:57:00.523002,1465.344,2125404,0.0,6.1,0:11.84,hector_mapping,3.980737566947937
2020-05-05 18:57:00.679613,1465.344,2125404,6.7,6.1,0:11.85,hector_mapping,3.9534852504730225
2020-05-05 18:57:00.836173,1465.344,2125404,6.7,6.1,0:11.86,hector_mapping,3.881919264793396
2020-05-05 18:57:00.995749,1465.344,2125404,0.0,6.1,0:11.86,hector_mapping,3.7817673683166504
2020-05-05 18:57:01.153282,1465.344,2125404,0.0,6.1,0:11.86,hector_mapping,3.663785219192505
2020-05-05 18:57:01.310048,1465.344,2125404,6.7,6.1,0:11.87,hector_mapping,3.5353678464889526
2020-05-05 18:57:01.467835,1465.344,2125404,0.0,6.1,0:11.87,hector_mapping,3.4016082286834717
2020-05-05 18:57:01.625254,1465.344,2125404,0.0,6.1,0:11.87,hector_mapping,3.0443705320358276
2020-05-05 18:57:01.784777,1465.344,2125404,6.7,6.1,0:11.88,hector_mapping,2.567361831665039
2020-05-05 18:57:01.956717,1465.344,2125404,6.7,6.1,0:11.89,hector_mapping,2.312952160835266
2020-05-05 18:57:02.128030,1465.344,2125404,6.7,6.1,0:11.90,hector_mapping,2.470167875289917
2020-05-05 18:57:02.300912,1465.344,2125404,6.7,6.1,0:11.91,hector_mapping,2.619364857673645
2020-05-05 18:57:02.478249,1465.344,2125404,6.7,6.1,0:11.92,hector_mapping,2.8992696404457092
2020-05-05 18:57:02.653960,1465.344,2125404,6.2,6.1,0:11.93,hector_mapping,3.0472930669784546
2020-05-05 18:57:02.827985,1465.344,2125404,6.7,6.1,0:11.94,hector_mapping,3.105150818824768
2020-05-05 18:57:03.000486,1465.344,2125404,6.7,6.1,0:11.95,hector_mapping,3.1016324758529663
2020-05-05 18:57:03.174238,1465.344,2125404,0.0,6.1,0:11.95,hector_mapping,3.0572919845581055
2020-05-05 18:57:03.349439,1465.344,2125404,6.7,6.1,0:11.97,hector_mapping,2.8015095591545105
2020-05-05 18:57:03.526193,1465.344,2125404,0.0,6.1,0:11.97,hector_mapping,2.3396660685539246
2020-05-05 18:57:03.705202,1465.344,2125404,6.7,6.1,0:11.98,hector_mapping,2.111346960067749
2020-05-05 18:57:03.875206,1465.344,2125404,6.7,6.1,0:11.99,hector_mapping,2.201507806777954
2020-05-05 18:57:04.032704,1465.344,2125404,0.0,6.1,0:11.99,hector_mapping,2.394306242465973
2020-05-05 18:57:04.189120,1465.344,2125404,0.0,6.1,0:12.00,hector_mapping,2.7537871599197388
2020-05-05 18:57:04.345627,1465.344,2125404,0.0,6.1,0:12.00,hector_mapping,3.16642963886261
2020-05-05 18:57:04.502438,1465.344,2125404,0.0,6.1,0:12.00,hector_mapping,3.4047385454177856
2020-05-05 18:57:04.660246,1465.344,2125404,0.0,6.1,0:12.02,hector_mapping,3.519483804702759
2020-05-05 18:57:04.817967,1465.344,2125404,0.0,6.1,0:12.02,hector_mapping,3.5488897562026978
2020-05-05 18:57:04.973886,1465.344,2125404,6.7,6.1,0:12.03,hector_mapping,3.499062180519104
2020-05-05 18:57:05.131089,1465.344,2125404,87.5,6.1,0:12.17,hector_mapping,3.1149795055389404
2020-05-05 18:57:05.288522,1465.344,2125404,6.7,6.1,0:12.18,hector_mapping,2.958023428916931
2020-05-05 18:57:05.444530,1465.344,2125404,0.0,6.1,0:12.18,hector_mapping,3.136410713195801
2020-05-05 18:57:05.602809,1465.344,2125404,6.7,6.1,0:12.19,hector_mapping,3.5481247901916504
2020-05-05 18:57:05.760187,1465.344,2125404,6.7,6.1,0:12.20,hector_mapping,4.181757688522339
2020-05-05 18:57:05.915554,1465.344,2125404,0.0,6.1,0:12.20,hector_mapping,4.946220874786377
2020-05-05 18:57:06.071576,1465.344,2125404,0.0,6.1,0:12.20,hector_mapping,5.684344053268433
2020-05-05 18:57:06.229597,1465.344,2125404,6.7,6.1,0:12.21,hector_mapping,6.182413101196289
2020-05-05 18:57:06.386544,1465.344,2125404,0.0,6.1,0:12.21,hector_mapping,6.4800732135772705
2020-05-05 18:57:06.543785,1465.344,2125404,6.7,6.1,0:12.22,hector_mapping,6.58631443977356
2020-05-05 18:57:06.700812,1465.344,2125404,0.0,6.1,0:12.22,hector_mapping,6.5779194831848145
2020-05-05 18:57:06.860277,1465.344,2125404,0.0,6.1,0:12.22,hector_mapping,6.557681322097778
2020-05-05 18:57:07.033972,1465.344,2125404,12.5,6.1,0:12.24,hector_mapping,6.593493461608887
2020-05-05 18:57:07.207390,1465.344,2125404,0.0,6.1,0:12.24,hector_mapping,6.550557374954224
2020-05-05 18:57:07.383502,1465.344,2125404,6.2,6.1,0:12.25,hector_mapping,6.4145872592926025
2020-05-05 18:57:07.554763,1465.344,2125404,6.7,6.1,0:12.26,hector_mapping,6.375233888626099
2020-05-05 18:57:07.733383,1465.344,2125404,12.5,6.1,0:12.28,hector_mapping,6.6011130809783936
2020-05-05 18:57:07.905698,1465.344,2125404,0.0,6.1,0:12.28,hector_mapping,7.181899309158325
2020-05-05 18:57:08.083093,1465.344,2125404,6.2,6.1,0:12.30,hector_mapping,7.235276699066162
2020-05-05 18:57:08.258135,1465.344,2125404,6.7,6.1,0:12.31,hector_mapping,7.1332433223724365
2020-05-05 18:57:08.434978,1465.344,2125404,6.2,6.1,0:12.32,hector_mapping,6.992363691329956
2020-05-05 18:57:08.610733,1465.344,2125404,0.0,6.1,0:12.32,hector_mapping,6.794041872024536
2020-05-05 18:57:08.779745,1465.344,2125404,13.3,6.1,0:12.34,hector_mapping,6.580113172531128
2020-05-05 18:57:08.936030,1465.344,2125404,0.0,6.1,0:12.34,hector_mapping,6.349939584732056
2020-05-05 18:57:09.091915,1465.344,2125404,0.0,6.1,0:12.34,hector_mapping,6.110407590866089
2020-05-05 18:57:09.248089,1465.344,2125404,6.7,6.1,0:12.35,hector_mapping,5.8675843477249146
2020-05-05 18:57:09.405318,1465.344,2125404,6.7,6.1,0:12.36,hector_mapping,5.625675201416016
2020-05-05 18:57:09.564113,1465.344,2125404,0.0,6.1,0:12.36,hector_mapping,5.387543320655823
2020-05-05 18:57:09.719858,1465.344,2125404,6.7,6.1,0:12.37,hector_mapping,5.155097007751465
2020-05-05 18:57:09.877982,1465.344,2125404,46.7,6.1,0:12.44,hector_mapping,4.5970577001571655
2020-05-05 18:57:10.035750,1465.344,2125404,53.3,6.1,0:12.53,hector_mapping,4.2134281396865845
2020-05-05 18:57:10.194080,1465.344,2125404,0.0,6.1,0:12.53,hector_mapping,4.30076265335083
2020-05-05 18:57:10.349777,1465.344,2125404,6.7,6.1,0:12.54,hector_mapping,4.584111928939819
2020-05-05 18:57:10.506035,1465.344,2125404,0.0,6.1,0:12.54,hector_mapping,5.116138815879822
2020-05-05 18:57:10.662735,1465.344,2125404,6.7,6.1,0:12.55,hector_mapping,6.501056671142578
2020-05-05 18:57:10.819098,1465.344,2125404,0.0,6.1,0:12.55,hector_mapping,7.120684862136841
2020-05-05 18:57:10.976967,1465.344,2125404,6.7,6.1,0:12.56,hector_mapping,7.560659408569336
2020-05-05 18:57:11.134085,1465.344,2125404,0.0,6.1,0:12.56,hector_mapping,7.738524913787842
2020-05-05 18:57:11.291475,1465.344,2125404,6.7,6.1,0:12.57,hector_mapping,7.753936529159546
2020-05-05 18:57:11.448787,1465.344,2125404,0.0,6.1,0:12.57,hector_mapping,7.659780979156494
2020-05-05 18:57:11.605082,1465.344,2125404,0.0,6.1,0:12.57,hector_mapping,7.473280191421509
2020-05-05 18:57:11.764562,1465.344,2125404,6.7,6.1,0:12.58,hector_mapping,7.352715253829956
2020-05-05 18:57:11.941875,1465.344,2125404,6.7,6.1,0:12.59,hector_mapping,7.382803201675415
2020-05-05 18:57:12.115699,1465.344,2125404,6.7,6.1,0:12.60,hector_mapping,7.600284576416016
2020-05-05 18:57:12.293320,1465.344,2125404,6.7,6.1,0:12.61,hector_mapping,7.956121444702148
2020-05-05 18:57:12.472188,1465.344,2125404,6.2,6.1,0:12.62,hector_mapping,8.398961305618286
2020-05-05 18:57:12.643973,1465.344,2125404,6.2,6.1,0:12.63,hector_mapping,8.899382829666138
2020-05-05 18:57:12.817186,1465.344,2125404,6.7,6.1,0:12.64,hector_mapping,9.76748013496399
2020-05-05 18:57:12.990246,1465.344,2125404,6.7,6.1,0:12.65,hector_mapping,9.895731925964355
2020-05-05 18:57:13.173014,1465.344,2125404,6.2,6.1,0:12.66,hector_mapping,9.847614526748657
2020-05-05 18:57:13.348387,1465.344,2125404,6.7,6.1,0:12.67,hector_mapping,9.68315863609314
2020-05-05 18:57:13.525988,1465.344,2125404,6.7,6.1,0:12.68,hector_mapping,9.443898439407349
2020-05-05 18:57:13.700745,1465.344,2125404,6.7,6.1,0:12.69,hector_mapping,9.139221668243408
2020-05-05 18:57:13.874402,1465.344,2125404,0.0,6.1,0:12.69,hector_mapping,8.882938385009766
2020-05-05 18:57:14.031913,1465.344,2125404,6.7,6.1,0:12.70,hector_mapping,8.603105306625366
2020-05-05 18:57:14.188147,1465.344,2125404,0.0,6.1,0:12.70,hector_mapping,8.300115823745728
2020-05-05 18:57:14.344765,1465.344,2125404,0.0,6.1,0:12.70,hector_mapping,7.985486268997192
2020-05-05 18:57:14.505516,1465.344,2125404,6.7,6.1,0:12.71,hector_mapping,7.667090892791748
2020-05-05 18:57:14.663104,1465.344,2125404,53.3,6.1,0:12.79,hector_mapping,7.350296974182129
2020-05-05 18:57:14.821852,1465.344,2125404,50.0,6.1,0:12.87,hector_mapping,7.038726568222046
2020-05-05 18:57:14.980946,1465.344,2125404,6.2,6.1,0:12.88,hector_mapping,6.73477578163147
2020-05-05 18:57:15.138393,1465.344,2125404,0.0,6.1,0:12.88,hector_mapping,6.353786945343018
2020-05-05 18:57:15.296315,1465.344,2125404,0.0,6.1,0:12.88,hector_mapping,6.1313581466674805
2020-05-05 18:57:15.453461,1465.344,2125404,6.7,6.1,0:12.89,hector_mapping,6.0548858642578125
2020-05-05 18:57:15.611962,1465.344,2125404,0.0,6.1,0:12.89,hector_mapping,6.198588609695435
2020-05-05 18:57:15.768319,1465.344,2125404,6.7,6.1,0:12.90,hector_mapping,6.5639519691467285
2020-05-05 18:57:15.923750,1465.344,2125404,0.0,6.1,0:12.90,hector_mapping,7.047050714492798
2020-05-05 18:57:16.081665,1465.344,2125404,0.0,6.1,0:12.90,hector_mapping,7.538833379745483
2020-05-05 18:57:16.239132,1465.344,2125404,6.7,6.1,0:12.91,hector_mapping,7.983426332473755
2020-05-05 18:57:16.395525,1465.344,2125404,0.0,6.1,0:12.91,hector_mapping,7.947800874710083
2020-05-05 18:57:16.551292,1465.344,2125404,0.0,6.1,0:12.91,hector_mapping,7.817124366760254
2020-05-05 18:57:16.709602,1465.344,2125404,6.7,6.1,0:12.92,hector_mapping,7.625159740447998
2020-05-05 18:57:16.868281,1465.344,2125404,0.0,6.1,0:12.92,hector_mapping,7.3946943283081055
2020-05-05 18:57:17.047914,1465.344,2125404,13.3,6.1,0:12.94,hector_mapping,7.1412835121154785
2020-05-05 18:57:17.220910,1465.344,2125404,6.7,6.1,0:12.95,hector_mapping,6.875624656677246
2020-05-05 18:57:17.396395,1465.344,2125404,0.0,6.1,0:12.95,hector_mapping,6.605082035064697
2020-05-05 18:57:17.569292,1465.344,2125404,13.3,6.1,0:12.97,hector_mapping,6.334719657897949
2020-05-05 18:57:17.741955,1465.344,2125404,6.7,6.1,0:12.98,hector_mapping,6.067988634109497
2020-05-05 18:57:17.920974,1465.344,2125404,6.7,6.1,0:12.99,hector_mapping,5.807200312614441
2020-05-05 18:57:18.097802,1465.344,2125404,0.0,6.1,0:12.99,hector_mapping,5.308906674385071
2020-05-05 18:57:18.272109,1465.344,2125404,0.0,6.1,0:13.00,hector_mapping,5.072870850563049
2020-05-05 18:57:18.450521,1465.344,2125404,6.7,6.1,0:13.01,hector_mapping,4.846001386642456
2020-05-05 18:57:18.624532,1465.344,2125404,12.5,6.1,0:13.03,hector_mapping,4.628348708152771
2020-05-05 18:57:18.804190,1465.344,2125404,6.2,6.1,0:13.04,hector_mapping,4.4198237657547
2020-05-05 18:57:18.962160,1465.344,2125404,0.0,6.1,0:13.04,hector_mapping,4.079543352127075
2020-05-05 18:57:19.118905,1465.344,2125404,6.7,6.1,0:13.05,hector_mapping,3.809230327606201
2020-05-05 18:57:19.274781,1465.344,2125404,0.0,6.1,0:13.05,hector_mapping,3.6370092630386353
2020-05-05 18:57:19.431198,1465.344,2125404,60.0,6.1,0:13.14,hector_mapping,3.6982805728912354
2020-05-05 18:57:19.588083,1465.344,2125404,66.7,6.1,0:13.24,hector_mapping,3.965134620666504
2020-05-05 18:57:19.745341,1465.344,2125404,0.0,6.1,0:13.24,hector_mapping,4.490851879119873
2020-05-05 18:57:19.902333,1465.344,2125404,0.0,6.1,0:13.24,hector_mapping,5.161934494972229
2020-05-05 18:57:20.058269,1465.344,2125404,6.7,6.1,0:13.25,hector_mapping,5.682145357131958
2020-05-05 18:57:20.215816,1465.344,2125404,6.7,6.1,0:13.26,hector_mapping,5.895358443260193
2020-05-05 18:57:20.372332,1465.344,2125404,0.0,6.1,0:13.26,hector_mapping,5.959867358207703
2020-05-05 18:57:20.529232,1465.344,2125404,6.7,6.1,0:13.27,hector_mapping,5.922598958015442
2020-05-05 18:57:20.686440,1465.344,2125404,0.0,6.1,0:13.27,hector_mapping,5.818128705024719
2020-05-05 18:57:20.843943,1465.344,2125404,0.0,6.1,0:13.27,hector_mapping,5.670260667800903
2020-05-05 18:57:21.007122,1465.344,2125404,6.7,6.1,0:13.28,hector_mapping,5.495213627815247
2020-05-05 18:57:21.164724,1465.344,2125404,0.0,6.1,0:13.28,hector_mapping,5.304125905036926
2020-05-05 18:57:21.320781,1465.344,2125404,6.2,6.1,0:13.29,hector_mapping,5.104679703712463
2020-05-05 18:57:21.477124,1465.344,2125404,0.0,6.1,0:13.29,hector_mapping,4.902170419692993
2020-05-05 18:57:21.636662,1465.344,2125404,0.0,6.1,0:13.29,hector_mapping,4.700231552124023
2020-05-05 18:57:21.798680,1465.344,2125404,6.7,6.1,0:13.30,hector_mapping,4.5013264417648315
2020-05-05 18:57:21.979791,1465.344,2125404,6.7,6.1,0:13.31,hector_mapping,4.307099461555481
2020-05-05 18:57:22.159983,1465.344,2125404,6.7,6.1,0:13.32,hector_mapping,4.118607759475708
2020-05-05 18:57:22.332399,1465.344,2125404,6.7,6.1,0:13.33,hector_mapping,3.7787050008773804
2020-05-05 18:57:22.506526,1465.344,2125404,6.7,6.1,0:13.34,hector_mapping,3.6274949312210083
2020-05-05 18:57:22.681755,1465.344,2125404,6.7,6.1,0:13.35,hector_mapping,3.536131739616394
2020-05-05 18:57:22.854744,1465.344,2125404,6.2,6.1,0:13.36,hector_mapping,3.426677942276001
2020-05-05 18:57:23.027497,1465.344,2125404,0.0,6.1,0:13.36,hector_mapping,3.306832194328308
2020-05-05 18:57:23.201353,1465.344,2125404,13.3,6.1,0:13.38,hector_mapping,3.181765079498291
2020-05-05 18:57:23.385772,1465.344,2125404,0.0,6.1,0:13.38,hector_mapping,2.821079134941101
2020-05-05 18:57:23.562734,1465.344,2125404,6.7,6.1,0:13.39,hector_mapping,2.6612278819084167
2020-05-05 18:57:23.741619,1465.344,2125404,13.3,6.1,0:13.41,hector_mapping,2.6459587812423706
2020-05-05 18:57:23.911589,1465.344,2125404,0.0,6.1,0:13.41,hector_mapping,2.5991345643997192
2020-05-05 18:57:24.068154,1465.344,2125404,0.0,6.1,0:13.41,hector_mapping,2.5322781801223755
2020-05-05 18:57:24.223243,1468.416,2189416,66.7,6.1,0:13.51,hector_mapping,2.4531394243240356
2020-05-05 18:57:24.380957,1465.344,2125404,40.0,6.1,0:13.57,hector_mapping,2.3669448494911194
2020-05-05 18:57:24.541253,1465.344,2125404,0.0,6.1,0:13.57,hector_mapping,1.9342306852340698
2020-05-05 18:57:24.696621,1465.344,2125404,0.0,6.1,0:13.57,hector_mapping,1.6419095993041992
2020-05-05 18:57:24.853463,1465.344,2125404,6.7,6.1,0:13.58,hector_mapping,1.4199952483177185
2020-05-05 18:57:25.009870,1465.344,2125404,0.0,6.1,0:13.58,hector_mapping,1.5890108942985535
2020-05-05 18:57:25.168738,1465.344,2125404,0.0,6.1,0:13.58,hector_mapping,1.8880727291107178
2020-05-05 18:57:25.328189,1465.344,2125404,13.3,6.1,0:13.60,hector_mapping,2.2117164731025696
2020-05-05 18:57:25.484775,1465.344,2125404,0.0,6.1,0:13.60,hector_mapping,2.851201057434082
2020-05-05 18:57:25.642513,1465.344,2125404,0.0,6.1,0:13.60,hector_mapping,3.2717052698135376
2020-05-05 18:57:25.801256,1465.344,2125404,6.2,6.1,0:13.61,hector_mapping,3.685854434967041
2020-05-05 18:57:25.957140,1465.344,2125404,0.0,6.1,0:13.61,hector_mapping,3.9195592403411865
2020-05-05 18:57:26.114745,1465.344,2125404,0.0,6.1,0:13.61,hector_mapping,4.024681806564331
2020-05-05 18:57:26.271389,1465.344,2125404,6.7,6.1,0:13.62,hector_mapping,4.040966749191284
2020-05-05 18:57:26.427870,1465.344,2125404,0.0,6.1,0:13.62,hector_mapping,3.984486937522888
2020-05-05 18:57:26.585645,1465.344,2125404,0.0,6.1,0:13.62,hector_mapping,3.7758572101593018
2020-05-05 18:57:26.744002,1465.344,2125404,0.0,6.1,0:13.63,hector_mapping,3.664793014526367
2020-05-05 18:57:26.902630,1465.344,2125404,6.2,6.1,0:13.64,hector_mapping,3.785376191139221
2020-05-05 18:57:27.078314,1465.344,2125404,0.0,6.1,0:13.64,hector_mapping,4.0625832080841064
2020-05-05 18:57:27.249981,1465.344,2125404,6.7,6.1,0:13.65,hector_mapping,4.392189860343933
2020-05-05 18:57:27.421840,1465.344,2125404,6.7,6.1,0:13.66,hector_mapping,4.645480155944824
2020-05-05 18:57:27.595033,1465.344,2125404,6.2,6.1,0:13.67,hector_mapping,4.825382351875305
2020-05-05 18:57:27.774034,1465.344,2125404,6.2,6.1,0:13.68,hector_mapping,4.765761852264404
2020-05-05 18:57:27.951299,1465.344,2125404,6.7,6.1,0:13.69,hector_mapping,5.065847754478455
2020-05-05 18:57:28.123352,1465.344,2125404,0.0,6.1,0:13.70,hector_mapping,5.552882194519043
2020-05-05 18:57:28.306016,1465.344,2125404,12.5,6.1,0:13.72,hector_mapping,6.152295112609863
2020-05-05 18:57:28.480654,1465.344,2125404,6.7,6.1,0:13.73,hector_mapping,6.5518412590026855
2020-05-05 18:57:28.661831,1465.344,2125404,6.7,6.1,0:13.74,hector_mapping,6.697249174118042
2020-05-05 18:57:28.839796,1465.344,2125404,0.0,6.1,0:13.74,hector_mapping,6.6185667514801025
2020-05-05 18:57:28.997197,1476.608,2189416,73.3,6.2,0:13.85,hector_mapping,6.472388505935669
2020-05-05 18:57:29.153767,1465.344,2125404,33.3,6.1,0:13.90,hector_mapping,6.2877795696258545
2020-05-05 18:57:29.311076,1465.344,2125404,0.0,6.1,0:13.90,hector_mapping,6.079751014709473
2020-05-05 18:57:29.469129,1465.344,2125404,6.7,6.1,0:13.91,hector_mapping,5.858620047569275
2020-05-05 18:57:29.624824,1465.344,2125404,6.7,6.1,0:13.92,hector_mapping,5.612969756126404
2020-05-05 18:57:29.781703,1465.344,2125404,0.0,6.1,0:13.92,hector_mapping,5.384157657623291
2020-05-05 18:57:29.946840,1465.344,2125404,0.0,6.1,0:13.92,hector_mapping,5.064395427703857
2020-05-05 18:57:30.104685,1465.344,2125404,6.7,6.1,0:13.93,hector_mapping,4.816768169403076
2020-05-05 18:57:30.262157,1465.344,2125404,6.7,6.1,0:13.94,hector_mapping,4.6649569272994995
2020-05-05 18:57:30.419556,1465.344,2125404,0.0,6.1,0:13.94,hector_mapping,4.657650589942932
2020-05-05 18:57:30.576064,1465.344,2125404,0.0,6.1,0:13.94,hector_mapping,4.591218709945679
2020-05-05 18:57:30.732654,1465.344,2125404,6.7,6.1,0:13.95,hector_mapping,4.471925854682922
2020-05-05 18:57:30.888769,1465.344,2125404,0.0,6.1,0:13.95,hector_mapping,4.33665132522583
2020-05-05 18:57:31.047072,1465.344,2125404,6.7,6.1,0:13.96,hector_mapping,4.191478729248047
2020-05-05 18:57:31.203659,1465.344,2125404,0.0,6.1,0:13.96,hector_mapping,3.907273292541504
2020-05-05 18:57:31.361843,1465.344,2125404,0.0,6.1,0:13.96,hector_mapping,3.6475138664245605
2020-05-05 18:57:31.519836,1465.344,2125404,6.7,6.1,0:13.97,hector_mapping,3.4280312061309814
2020-05-05 18:57:31.675743,1465.344,2125404,6.7,6.1,0:13.98,hector_mapping,3.507917046546936
2020-05-05 18:57:31.836064,1465.344,2125404,0.0,6.1,0:13.98,hector_mapping,3.380671977996826
2020-05-05 18:57:32.010785,1465.344,2125404,6.7,6.1,0:13.99,hector_mapping,3.0378767251968384
2020-05-05 18:57:32.196394,1465.344,2125404,6.7,6.1,0:14.00,hector_mapping,2.938869595527649
2020-05-05 18:57:32.379338,1465.344,2125404,6.2,6.1,0:14.01,hector_mapping,3.2935420274734497
2020-05-05 18:57:32.558589,1465.344,2125404,6.7,6.1,0:14.03,hector_mapping,3.8888200521469116
2020-05-05 18:57:32.732987,1465.344,2125404,6.7,6.1,0:14.04,hector_mapping,4.54295289516449
2020-05-05 18:57:32.906478,1465.344,2125404,0.0,6.1,0:14.04,hector_mapping,5.2397496700286865
2020-05-05 18:57:33.080527,1465.344,2125404,6.7,6.1,0:14.05,hector_mapping,5.966044664382935
2020-05-05 18:57:33.253016,1465.344,2125404,13.3,6.1,0:14.07,hector_mapping,6.629643201828003
2020-05-05 18:57:33.430097,1465.344,2125404,66.7,6.1,0:14.17,hector_mapping,7.080345869064331
2020-05-05 18:57:33.609117,1465.344,2125404,100.0,6.1,0:14.34,hector_mapping,7.262500047683716
2020-05-05 18:57:33.786800,1490.944,2189416,93.3,6.2,0:14.50,hector_mapping,7.287386655807495
2020-05-05 18:57:33.948443,1465.344,2125404,33.3,6.1,0:14.57,hector_mapping,7.181546688079834
2020-05-05 18:57:34.106479,1465.344,2125404,6.7,6.1,0:14.58,hector_mapping,7.028352499008179
2020-05-05 18:57:34.263362,1465.344,2125404,0.0,6.1,0:14.58,hector_mapping,6.835750579833984
2020-05-05 18:57:34.420749,1465.344,2125404,0.0,6.1,0:14.58,hector_mapping,6.615889549255371
2020-05-05 18:57:34.577745,1465.344,2125404,6.7,6.1,0:14.59,hector_mapping,6.345865488052368
2020-05-05 18:57:34.735693,1465.344,2125404,0.0,6.1,0:14.59,hector_mapping,6.100660800933838
2020-05-05 18:57:34.895755,1465.344,2125404,0.0,6.1,0:14.59,hector_mapping,5.860223650932312
2020-05-05 18:57:35.055001,1465.344,2125404,6.7,6.1,0:14.60,hector_mapping,5.579814791679382
2020-05-05 18:57:35.214542,1465.344,2125404,0.0,6.1,0:14.60,hector_mapping,5.344616174697876
2020-05-05 18:57:35.376556,1465.344,2125404,6.7,6.1,0:14.61,hector_mapping,5.1219810247421265
2020-05-05 18:57:35.533641,1465.344,2125404,0.0,6.1,0:14.61,hector_mapping,4.859835147857666
2020-05-05 18:57:35.691934,1465.344,2125404,6.7,6.1,0:14.62,hector_mapping,4.652535438537598
2020-05-05 18:57:35.848082,1465.344,2125404,0.0,6.1,0:14.62,hector_mapping,4.4590083360672
2020-05-05 18:57:36.004326,1465.344,2125404,0.0,6.1,0:14.62,hector_mapping,4.224395155906677
2020-05-05 18:57:36.161636,1465.344,2125404,6.7,6.1,0:14.63,hector_mapping,4.048994064331055
2020-05-05 18:57:36.316634,1465.344,2125404,0.0,6.1,0:14.63,hector_mapping,3.8854812383651733
2020-05-05 18:57:36.473271,1465.344,2125404,6.7,6.1,0:14.64,hector_mapping,3.679092764854431
2020-05-05 18:57:36.628527,1465.344,2125404,0.0,6.1,0:14.64,hector_mapping,3.535165786743164
2020-05-05 18:57:36.783945,1465.344,2125404,6.7,6.1,0:14.65,hector_mapping,3.401544213294983
2020-05-05 18:57:36.944855,1465.344,2125404,6.2,6.1,0:14.66,hector_mapping,3.224247694015503
2020-05-05 18:57:37.122178,1465.344,2125404,33.3,6.1,0:14.71,hector_mapping,3.1107712984085083
2020-05-05 18:57:37.296098,1465.344,2125404,100.0,6.1,0:14.88,hector_mapping,3.0055603981018066
2020-05-05 18:57:37.470692,1471.488,2189416,100.0,6.1,0:15.06,hector_mapping,2.902718245983124
2020-05-05 18:57:37.651813,1465.344,2125404,93.3,6.1,0:15.23,hector_mapping,2.5330395698547363
2020-05-05 18:57:37.830160,1465.344,2125404,20.0,6.1,0:15.27,hector_mapping,2.187163531780243
2020-05-05 18:57:38.010313,1465.344,2125404,6.7,6.1,0:15.28,hector_mapping,2.0104478001594543
2020-05-05 18:57:38.189498,1465.344,2125404,6.7,6.1,0:15.29,hector_mapping,2.0400452613830566
2020-05-05 18:57:38.358175,1465.344,2125404,6.7,6.1,0:15.30,hector_mapping,2.2004274129867554
2020-05-05 18:57:38.532290,1465.344,2125404,6.7,6.1,0:15.31,hector_mapping,2.5979917645454407
2020-05-05 18:57:38.717983,1465.344,2125404,6.2,6.1,0:15.32,hector_mapping,2.9137930870056152
2020-05-05 18:57:38.891794,1465.344,2125404,6.2,6.1,0:15.33,hector_mapping,3.101019501686096
2020-05-05 18:57:39.050382,1465.344,2125404,0.0,6.1,0:15.33,hector_mapping,3.194358229637146
2020-05-05 18:57:39.206501,1465.344,2125404,6.7,6.1,0:15.34,hector_mapping,3.2217096090316772
2020-05-05 18:57:39.363514,1465.344,2125404,0.0,6.1,0:15.34,hector_mapping,3.2036601305007935
2020-05-05 18:57:39.523213,1465.344,2125404,6.2,6.1,0:15.35,hector_mapping,3.15555739402771
2020-05-05 18:57:39.681183,1465.344,2125404,0.0,6.1,0:15.35,hector_mapping,2.8722934126853943
2020-05-05 18:57:39.839577,1465.344,2125404,0.0,6.1,0:15.35,hector_mapping,2.4529584646224976
2020-05-05 18:57:39.998984,1465.344,2125404,6.7,6.1,0:15.36,hector_mapping,2.293234169483185
2020-05-05 18:57:40.156351,1465.344,2125404,0.0,6.1,0:15.36,hector_mapping,2.4865373969078064
2020-05-05 18:57:40.321403,1465.344,2125404,6.7,6.1,0:15.37,hector_mapping,2.9767563343048096
2020-05-05 18:57:40.479083,1465.344,2125404,0.0,6.1,0:15.37,hector_mapping,3.343835949897766
2020-05-05 18:57:40.638146,1465.344,2125404,0.0,6.1,0:15.37,hector_mapping,3.4828015565872192
2020-05-05 18:57:40.795387,1465.344,2125404,6.7,6.1,0:15.38,hector_mapping,3.601841926574707
2020-05-05 18:57:40.951004,1465.344,2125404,6.7,6.1,0:15.39,hector_mapping,3.7121808528900146
2020-05-05 18:57:41.106428,1465.344,2125404,0.0,6.1,0:15.39,hector_mapping,4.065810799598694
2020-05-05 18:57:41.262092,1465.344,2125404,0.0,6.1,0:15.39,hector_mapping,4.624491333961487
2020-05-05 18:57:41.420024,1465.344,2125404,6.7,6.1,0:15.40,hector_mapping,5.342269420623779
2020-05-05 18:57:41.577642,1523.712,2189416,93.3,6.4,0:15.54,hector_mapping,6.074312925338745
2020-05-05 18:57:41.734678,1465.344,2125404,20.0,6.1,0:15.58,hector_mapping,6.773846626281738
2020-05-05 18:57:41.896865,1465.344,2125404,0.0,6.1,0:15.58,hector_mapping,7.4527387619018555
2020-05-05 18:57:42.074149,1465.344,2125404,0.0,6.1,0:15.58,hector_mapping,8.119577407836914
2020-05-05 18:57:42.251623,1465.344,2125404,13.3,6.1,0:15.60,hector_mapping,8.745671510696411
2020-05-05 18:57:42.431458,1465.344,2125404,6.7,6.1,0:15.61,hector_mapping,9.201473236083984
2020-05-05 18:57:42.612668,1465.344,2125404,6.7,6.1,0:15.62,hector_mapping,9.398338079452515
2020-05-05 18:57:42.786910,1465.344,2125404,6.7,6.1,0:15.63,hector_mapping,9.372467994689941
2020-05-05 18:57:42.958407,1465.344,2125404,6.7,6.1,0:15.64,hector_mapping,9.244791269302368
2020-05-05 18:57:43.142183,1465.344,2125404,6.7,6.1,0:15.65,hector_mapping,9.041625738143921
2020-05-05 18:57:43.315566,1465.344,2125404,13.3,6.1,0:15.67,hector_mapping,8.741161823272705
2020-05-05 18:57:43.487411,1465.344,2125404,0.0,6.1,0:15.67,hector_mapping,8.446394205093384
2020-05-05 18:57:43.663265,1465.344,2125404,6.2,6.1,0:15.68,hector_mapping,8.087830066680908
2020-05-05 18:57:43.834906,1465.344,2125404,13.3,6.1,0:15.70,hector_mapping,7.772655487060547
2020-05-05 18:57:43.990918,1465.344,2125404,0.0,6.1,0:15.70,hector_mapping,7.4703733921051025
2020-05-05 18:57:44.146706,1465.344,2125404,0.0,6.1,0:15.70,hector_mapping,7.108788013458252
2020-05-05 18:57:44.304937,1465.344,2125404,0.0,6.1,0:15.70,hector_mapping,6.810017824172974
2020-05-05 18:57:44.461112,1465.344,2125404,6.7,6.1,0:15.71,hector_mapping,6.46477746963501
2020-05-05 18:57:44.617732,1465.344,2125404,0.0,6.1,0:15.71,hector_mapping,6.195922136306763
2020-05-05 18:57:44.774316,1465.344,2125404,6.7,6.1,0:15.72,hector_mapping,5.950002908706665
2020-05-05 18:57:44.932343,1465.344,2125404,0.0,6.1,0:15.72,hector_mapping,5.642372488975525
2020-05-05 18:57:45.090027,1465.344,2125404,6.7,6.1,0:15.73,hector_mapping,5.415976524353027
2020-05-05 18:57:45.247020,1465.344,2125404,6.7,6.1,0:15.74,hector_mapping,5.211785674095154
2020-05-05 18:57:45.404271,1465.344,2125404,0.0,6.1,0:15.74,hector_mapping,4.94508683681488
2020-05-05 18:57:45.561274,1465.344,2125404,0.0,6.1,0:15.74,hector_mapping,4.764714002609253
2020-05-05 18:57:45.717909,1465.344,2125404,6.7,6.1,0:15.75,hector_mapping,4.603719234466553
2020-05-05 18:57:45.875542,1465.344,2125404,0.0,6.1,0:15.75,hector_mapping,4.447193741798401
2020-05-05 18:57:46.033285,1465.344,2125404,13.3,6.1,0:15.77,hector_mapping,4.294657230377197
2020-05-05 18:57:46.190373,1465.344,2125404,81.2,6.1,0:15.91,hector_mapping,4.146333575248718
2020-05-05 18:57:46.347171,1465.344,2125404,0.0,6.1,0:15.91,hector_mapping,3.8040565252304077
2020-05-05 18:57:46.505172,1465.344,2125404,0.0,6.1,0:15.91,hector_mapping,3.4081084728240967
2020-05-05 18:57:46.661491,1465.344,2125404,13.3,6.1,0:15.93,hector_mapping,3.1847305297851562
2020-05-05 18:57:46.821758,1465.344,2125404,0.0,6.1,0:15.93,hector_mapping,3.510362148284912
2020-05-05 18:57:46.994524,1465.344,2125404,6.2,6.1,0:15.94,hector_mapping,3.8723065853118896
2020-05-05 18:57:47.172570,1465.344,2125404,6.7,6.1,0:15.95,hector_mapping,4.315417528152466
2020-05-05 18:57:47.348625,1465.344,2125404,6.7,6.1,0:15.96,hector_mapping,4.899644136428833
2020-05-05 18:57:47.521313,1465.344,2125404,6.7,6.1,0:15.97,hector_mapping,5.3235636949539185
2020-05-05 18:57:47.690979,1465.344,2125404,0.0,6.1,0:15.97,hector_mapping,5.5076597929000854
2020-05-05 18:57:47.868977,1465.344,2125404,6.7,6.1,0:15.99,hector_mapping,5.572934031486511
2020-05-05 18:57:48.044805,1465.344,2125404,0.0,6.1,0:15.99,hector_mapping,5.5536264181137085
2020-05-05 18:57:48.220656,1465.344,2125404,6.7,6.1,0:16.01,hector_mapping,5.477636933326721
2020-05-05 18:57:48.396841,1465.344,2125404,6.7,6.1,0:16.02,hector_mapping,5.296050310134888
2020-05-05 18:57:48.572482,1465.344,2125404,6.7,6.1,0:16.03,hector_mapping,5.133692979812622
2020-05-05 18:57:48.755387,1465.344,2125404,6.2,6.1,0:16.04,hector_mapping,5.0832599401474
2020-05-05 18:57:48.928571,1465.344,2125404,6.7,6.1,0:16.05,hector_mapping,5.081908822059631
2020-05-05 18:57:49.085276,1465.344,2125404,6.7,6.1,0:16.06,hector_mapping,5.024276375770569
2020-05-05 18:57:49.240928,1465.344,2125404,0.0,6.1,0:16.06,hector_mapping,4.928706049919128
2020-05-05 18:57:49.396768,1465.344,2125404,0.0,6.1,0:16.06,hector_mapping,4.80971360206604
2020-05-05 18:57:49.555111,1465.344,2125404,6.7,6.1,0:16.07,hector_mapping,4.677041530609131
2020-05-05 18:57:49.711140,1465.344,2125404,0.0,6.1,0:16.07,hector_mapping,4.537168979644775
2020-05-05 18:57:49.867920,1465.344,2125404,0.0,6.1,0:16.07,hector_mapping,4.394337773323059
2020-05-05 18:57:50.024422,1465.344,2125404,0.0,6.1,0:16.07,hector_mapping,4.251271605491638
2020-05-05 18:57:50.182532,1465.344,2125404,6.7,6.1,0:16.08,hector_mapping,4.109680652618408
2020-05-05 18:57:50.341151,1465.344,2125404,0.0,6.1,0:16.08,hector_mapping,3.97062349319458
2020-05-05 18:57:50.497734,1465.344,2125404,6.7,6.1,0:16.09,hector_mapping,3.8347420692443848
2020-05-05 18:57:50.656000,1488.896,2189416,73.3,6.2,0:16.20,hector_mapping,3.702407956123352
2020-05-05 18:57:50.813108,1465.344,2125404,33.3,6.1,0:16.26,hector_mapping,3.5738221406936646
2020-05-05 18:57:50.970437,1465.344,2125404,0.0,6.1,0:16.26,hector_mapping,3.4490811824798584
2020-05-05 18:57:51.128095,1465.344,2125404,6.7,6.1,0:16.27,hector_mapping,3.3282108306884766
2020-05-05 18:57:51.285384,1465.344,2125404,0.0,6.1,0:16.27,hector_mapping,3.2111928462982178
2020-05-05 18:57:51.443503,1465.344,2125404,6.7,6.1,0:16.28,hector_mapping,3.097975730895996
2020-05-05 18:57:51.599682,1465.344,2125404,0.0,6.1,0:16.28,hector_mapping,2.9884985089302063
2020-05-05 18:57:51.756440,1465.344,2125404,0.0,6.1,0:16.28,hector_mapping,2.8826773166656494
2020-05-05 18:57:51.915498,1465.344,2125404,0.0,6.1,0:16.28,hector_mapping,2.7804250717163086
2020-05-05 18:57:52.095400,1465.344,2125404,12.5,6.1,0:16.30,hector_mapping,2.681654155254364
2020-05-05 18:57:52.273979,1465.344,2125404,6.2,6.1,0:16.31,hector_mapping,2.5862642526626587
2020-05-05 18:57:52.454898,1465.344,2125404,6.2,6.1,0:16.32,hector_mapping,2.4941620230674744
2020-05-05 18:57:52.629891,1465.344,2125404,6.7,6.1,0:16.33,hector_mapping,2.405249834060669
2020-05-05 18:57:52.806689,1465.344,2125404,6.7,6.1,0:16.34,hector_mapping,2.3194289803504944
2020-05-05 18:57:52.983050,1465.344,2125404,6.7,6.1,0:16.35,hector_mapping,1.9458916783332825
2020-05-05 18:57:53.156480,1465.344,2125404,0.0,6.1,0:16.36,hector_mapping,1.724211037158966
2020-05-05 18:57:53.328907,1465.344,2125404,13.3,6.1,0:16.38,hector_mapping,1.515981137752533
2020-05-05 18:57:53.506745,1465.344,2125404,0.0,6.1,0:16.38,hector_mapping,1.4606171250343323
2020-05-05 18:57:53.685574,1465.344,2125404,0.0,6.1,0:16.39,hector_mapping,1.6657662391662598
2020-05-05 18:57:53.857682,1465.344,2125404,13.3,6.1,0:16.41,hector_mapping,1.9812682271003723
2020-05-05 18:57:54.014988,1465.344,2125404,6.7,6.1,0:16.42,hector_mapping,2.3387022614479065
2020-05-05 18:57:54.172482,1465.344,2125404,0.0,6.1,0:16.42,hector_mapping,3.183082938194275
2020-05-05 18:57:54.328762,1465.344,2125404,0.0,6.1,0:16.42,hector_mapping,3.7732526063919067
2020-05-05 18:57:54.486105,1465.344,2125404,0.0,6.1,0:16.42,hector_mapping,4.132171154022217
2020-05-05 18:57:54.642424,1465.344,2125404,13.3,6.1,0:16.44,hector_mapping,4.321037292480469
2020-05-05 18:57:54.799669,1465.344,2125404,0.0,6.1,0:16.44,hector_mapping,4.335902094841003
2020-05-05 18:57:54.957752,1465.344,2125404,0.0,6.1,0:16.44,hector_mapping,4.471735239028931
2020-05-05 18:57:55.115264,1465.344,2125404,46.7,6.1,0:16.51,hector_mapping,4.748917937278748
2020-05-05 18:57:55.274095,1465.344,2125404,53.3,6.1,0:16.60,hector_mapping,5.204495072364807
2020-05-05 18:57:55.431429,1465.344,2125404,6.7,6.1,0:16.61,hector_mapping,5.574452877044678
2020-05-05 18:57:55.589410,1465.344,2125404,0.0,6.1,0:16.61,hector_mapping,5.738667368888855
2020-05-05 18:57:55.747502,1465.344,2125404,6.7,6.1,0:16.62,hector_mapping,5.7866270542144775
2020-05-05 18:57:55.904642,1465.344,2125404,0.0,6.1,0:16.62,hector_mapping,5.752702116966248
2020-05-05 18:57:56.060318,1465.344,2125404,0.0,6.1,0:16.62,hector_mapping,5.66451358795166
2020-05-05 18:57:56.216896,1465.344,2125404,6.7,6.1,0:16.63,hector_mapping,5.541803240776062
2020-05-05 18:57:56.374205,1465.344,2125404,0.0,6.1,0:16.63,hector_mapping,5.398109078407288
2020-05-05 18:57:56.531481,1465.344,2125404,0.0,6.1,0:16.63,hector_mapping,5.242601752281189
2020-05-05 18:57:56.689354,1465.344,2125404,6.7,6.1,0:16.64,hector_mapping,5.081401348114014
2020-05-05 18:57:56.848105,1465.344,2125404,0.0,6.1,0:16.64,hector_mapping,4.918494343757629
2020-05-05 18:57:57.029271,1465.344,2125404,12.5,6.1,0:16.66,hector_mapping,4.756421327590942
2020-05-05 18:57:57.212106,1465.344,2125404,6.7,6.1,0:16.67,hector_mapping,4.5967490673065186
2020-05-05 18:57:57.393806,1465.344,2125404,6.2,6.1,0:16.68,hector_mapping,4.27957284450531
2020-05-05 18:57:57.567721,1465.344,2125404,6.7,6.1,0:16.69,hector_mapping,3.931853413581848
2020-05-05 18:57:57.746600,1465.344,2125404,6.7,6.1,0:16.70,hector_mapping,3.8040436506271362
2020-05-05 18:57:57.925524,1465.344,2125404,6.7,6.1,0:16.71,hector_mapping,3.886353850364685
2020-05-05 18:57:58.103020,1465.344,2125404,12.5,6.1,0:16.73,hector_mapping,4.340945363044739
2020-05-05 18:57:58.277551,1465.344,2125404,0.0,6.1,0:16.73,hector_mapping,4.90566873550415
2020-05-05 18:57:58.449300,1465.344,2125404,13.3,6.1,0:16.75,hector_mapping,5.509859561920166
2020-05-05 18:57:58.623395,1465.344,2125404,0.0,6.1,0:16.75,hector_mapping,6.1139044761657715
2020-05-05 18:57:58.797316,1465.344,2125404,13.3,6.1,0:16.77,hector_mapping,6.6811745166778564
2020-05-05 18:57:58.971855,1465.344,2125404,0.0,6.1,0:16.77,hector_mapping,7.070501089096069
2020-05-05 18:57:59.127169,1465.344,2125404,0.0,6.1,0:16.77,hector_mapping,7.2303307056427
2020-05-05 18:57:59.282967,1465.344,2125404,6.7,6.1,0:16.78,hector_mapping,7.2568488121032715
2020-05-05 18:57:59.438963,1465.344,2125404,0.0,6.1,0:16.78,hector_mapping,7.1913979053497314
2020-05-05 18:57:59.596178,1465.344,2125404,6.7,6.1,0:16.79,hector_mapping,7.065655946731567
2020-05-05 18:57:59.753253,1465.344,2125404,100.0,6.1,0:16.94,hector_mapping,6.902012586593628
2020-05-05 18:57:59.912377,1465.344,2125404,6.7,6.1,0:16.95,hector_mapping,6.715826511383057
2020-05-05 18:58:00.070383,1465.344,2125404,0.0,6.1,0:16.95,hector_mapping,6.51749324798584
2020-05-05 18:58:00.225987,1465.344,2125404,0.0,6.1,0:16.95,hector_mapping,6.227547883987427
2020-05-05 18:58:00.382781,1465.344,2125404,6.7,6.1,0:16.96,hector_mapping,6.056513071060181
